This is pdfTeX, Version 3.141592653-2.6-1.40.28 (TeX Live 2025/Debian) (preloaded format=pdflatex 2026.5.23)  12 AUG 2026 07:33
entering extended mode
 restricted \write18 enabled.
 %&-line parsing enabled.
**Svetunkov--2023----Forecasting-and-Analytics-with-the-Augmented-Dynamic-Adapt
ive-Model--ADAM-.tex

(./Svetunkov--2023----Forecasting-and-Analytics-with-the-Augmented-Dynamic-Adap
tive-Model--ADAM-.tex
LaTeX2e <2025-11-01>
L3 programming layer <2026-01-19>
(/usr/share/texlive/texmf-dist/tex/latex/base/book.cls
Document Class: book 2025/01/22 v1.4n Standard LaTeX document class
(/usr/share/texlive/texmf-dist/tex/latex/base/bk10.clo
File: bk10.clo 2025/01/22 v1.4n Standard LaTeX file (size option)
)
\c@part=\count275
\c@chapter=\count276
\c@section=\count277
\c@subsection=\count278
\c@subsubsection=\count279
\c@paragraph=\count280
\c@subparagraph=\count281
\c@figure=\count282
\c@table=\count283
\abovecaptionskip=\skip49
\belowcaptionskip=\skip50
\bibindent=\dimen148
) (/usr/share/texlive/texmf-dist/tex/latex/xcolor/xcolor.sty
Package: xcolor 2024/09/29 v3.02 LaTeX color extensions (UK)
(/usr/share/texlive/texmf-dist/tex/latex/graphics-cfg/color.cfg
File: color.cfg 2016/01/02 v1.6 sample color configuration
)
Package xcolor Info: Driver file: pdftex.def on input line 274.
(/usr/share/texlive/texmf-dist/tex/latex/graphics-def/pdftex.def
File: pdftex.def 2025/09/29 v1.2d Graphics/color driver for pdftex
) (/usr/share/texlive/texmf-dist/tex/latex/graphics/mathcolor.ltx)
Package xcolor Info: Model `cmy' substituted by `cmy0' on input line 1349.
Package xcolor Info: Model `hsb' substituted by `rgb' on input line 1353.
Package xcolor Info: Model `RGB' extended on input line 1365.
Package xcolor Info: Model `HTML' substituted by `rgb' on input line 1367.
Package xcolor Info: Model `Hsb' substituted by `hsb' on input line 1368.
Package xcolor Info: Model `tHsb' substituted by `hsb' on input line 1369.
Package xcolor Info: Model `HSB' substituted by `hsb' on input line 1370.
Package xcolor Info: Model `Gray' substituted by `gray' on input line 1371.
Package xcolor Info: Model `wave' substituted by `hsb' on input line 1372.
) (/usr/share/texlive/texmf-dist/tex/latex/amsmath/amsmath.sty
Package: amsmath 2025/07/09 v2.17z AMS math features
\@mathmargin=\skip51
For additional information on amsmath, use the `?' option.
(/usr/share/texlive/texmf-dist/tex/latex/amsmath/amstext.sty
Package: amstext 2024/11/17 v2.01 AMS text
(/usr/share/texlive/texmf-dist/tex/latex/amsmath/amsgen.sty
File: amsgen.sty 1999/11/30 v2.0 generic functions
\@emptytoks=\toks17
\ex@=\dimen149
)) (/usr/share/texlive/texmf-dist/tex/latex/amsmath/amsbsy.sty
Package: amsbsy 1999/11/29 v1.2d Bold Symbols
\pmbraise@=\dimen150
) (/usr/share/texlive/texmf-dist/tex/latex/amsmath/amsopn.sty
Package: amsopn 2022/04/08 v2.04 operator names
)
\inf@bad=\count284
LaTeX Info: Redefining \frac on input line 233.
\uproot@=\count285
\leftroot@=\count286
LaTeX Info: Redefining \overline on input line 398.
LaTeX Info: Redefining \colon on input line 409.
\classnum@=\count287
\DOTSCASE@=\count288
LaTeX Info: Redefining \ldots on input line 495.
LaTeX Info: Redefining \dots on input line 498.
LaTeX Info: Redefining \cdots on input line 619.
\Mathstrutbox@=\box53
\strutbox@=\box54
LaTeX Info: Redefining \big on input line 721.
LaTeX Info: Redefining \Big on input line 722.
LaTeX Info: Redefining \bigg on input line 723.
LaTeX Info: Redefining \Bigg on input line 724.
\big@size=\dimen151
LaTeX Font Info:    Redeclaring font encoding OML on input line 742.
LaTeX Font Info:    Redeclaring font encoding OMS on input line 743.
\macc@depth=\count289
LaTeX Info: Redefining \bmod on input line 904.
LaTeX Info: Redefining \pmod on input line 909.
LaTeX Info: Redefining \smash on input line 939.
LaTeX Info: Redefining \relbar on input line 969.
LaTeX Info: Redefining \Relbar on input line 970.
\c@MaxMatrixCols=\count290
\dotsspace@=\muskip17
\c@parentequation=\count291
\dspbrk@lvl=\count292
\tag@help=\toks18
\row@=\count293
\column@=\count294
\maxfields@=\count295
\andhelp@=\toks19
\eqnshift@=\dimen152
\alignsep@=\dimen153
\tagshift@=\dimen154
\tagwidth@=\dimen155
\totwidth@=\dimen156
\lineht@=\dimen157
\@envbody=\toks20
\multlinegap=\skip52
\multlinetaggap=\skip53
\mathdisplay@stack=\toks21
LaTeX Info: Redefining \[ on input line 2950.
LaTeX Info: Redefining \] on input line 2951.
) (/usr/share/texlive/texmf-dist/tex/latex/amsfonts/amssymb.sty
Package: amssymb 2013/01/14 v3.01 AMS font symbols
(/usr/share/texlive/texmf-dist/tex/latex/amsfonts/amsfonts.sty
Package: amsfonts 2013/01/14 v3.01 Basic AMSFonts support
\symAMSa=\mathgroup4
\symAMSb=\mathgroup5
LaTeX Font Info:    Redeclaring math symbol \hbar on input line 98.
LaTeX Font Info:    Overwriting math alphabet `\mathfrak' in version `bold'
(Font)                  U/euf/m/n --> U/euf/b/n on input line 106.
)) (/usr/share/texlive/texmf-dist/tex/generic/iftex/iftex.sty
Package: iftex 2024/12/12 v1.0g TeX engine tests
) (/usr/share/texlive/texmf-dist/tex/latex/base/fontenc.sty
Package: fontenc 2025/07/18 v2.1d Standard LaTeX package
) (/usr/share/texlive/texmf-dist/tex/latex/base/inputenc.sty
Package: inputenc 2024/02/08 v1.3d Input encoding file
\inpenc@prehook=\toks22
\inpenc@posthook=\toks23
) (/usr/share/texlive/texmf-dist/tex/latex/base/textcomp.sty
Package: textcomp 2024/04/24 v2.1b Standard LaTeX package
) (/usr/share/texmf/tex/latex/lm/lmodern.sty
Package: lmodern 2015/05/01 v1.6.1 Latin Modern Fonts
LaTeX Font Info:    Overwriting symbol font `operators' in version `normal'
(Font)                  OT1/cmr/m/n --> OT1/lmr/m/n on input line 22.
LaTeX Font Info:    Overwriting symbol font `letters' in version `normal'
(Font)                  OML/cmm/m/it --> OML/lmm/m/it on input line 23.
LaTeX Font Info:    Overwriting symbol font `symbols' in version `normal'
(Font)                  OMS/cmsy/m/n --> OMS/lmsy/m/n on input line 24.
LaTeX Font Info:    Overwriting symbol font `largesymbols' in version `normal'
(Font)                  OMX/cmex/m/n --> OMX/lmex/m/n on input line 25.
LaTeX Font Info:    Overwriting symbol font `operators' in version `bold'
(Font)                  OT1/cmr/bx/n --> OT1/lmr/bx/n on input line 26.
LaTeX Font Info:    Overwriting symbol font `letters' in version `bold'
(Font)                  OML/cmm/b/it --> OML/lmm/b/it on input line 27.
LaTeX Font Info:    Overwriting symbol font `symbols' in version `bold'
(Font)                  OMS/cmsy/b/n --> OMS/lmsy/b/n on input line 28.
LaTeX Font Info:    Overwriting symbol font `largesymbols' in version `bold'
(Font)                  OMX/cmex/m/n --> OMX/lmex/m/n on input line 29.
LaTeX Font Info:    Overwriting math alphabet `\mathbf' in version `normal'
(Font)                  OT1/cmr/bx/n --> OT1/lmr/bx/n on input line 31.
LaTeX Font Info:    Overwriting math alphabet `\mathsf' in version `normal'
(Font)                  OT1/cmss/m/n --> OT1/lmss/m/n on input line 32.
LaTeX Font Info:    Overwriting math alphabet `\mathit' in version `normal'
(Font)                  OT1/cmr/m/it --> OT1/lmr/m/it on input line 33.
LaTeX Font Info:    Overwriting math alphabet `\mathtt' in version `normal'
(Font)                  OT1/cmtt/m/n --> OT1/lmtt/m/n on input line 34.
LaTeX Font Info:    Overwriting math alphabet `\mathbf' in version `bold'
(Font)                  OT1/cmr/bx/n --> OT1/lmr/bx/n on input line 35.
LaTeX Font Info:    Overwriting math alphabet `\mathsf' in version `bold'
(Font)                  OT1/cmss/bx/n --> OT1/lmss/bx/n on input line 36.
LaTeX Font Info:    Overwriting math alphabet `\mathit' in version `bold'
(Font)                  OT1/cmr/bx/it --> OT1/lmr/bx/it on input line 37.
LaTeX Font Info:    Overwriting math alphabet `\mathtt' in version `bold'
(Font)                  OT1/cmtt/m/n --> OT1/lmtt/m/n on input line 38.
) (/usr/share/texlive/texmf-dist/tex/latex/upquote/upquote.sty
Package: upquote 2012/04/19 v1.3 upright-quote and grave-accent glyphs in verba
tim
) (/usr/share/texlive/texmf-dist/tex/latex/microtype/microtype.sty
Package: microtype 2025/07/09 v3.2b Micro-typographical refinements (RS)
(/usr/share/texlive/texmf-dist/tex/latex/graphics/keyval.sty
Package: keyval 2022/05/29 v1.15 key=value parser (DPC)
\KV@toks@=\toks24
) (/usr/share/texlive/texmf-dist/tex/latex/etoolbox/etoolbox.sty
Package: etoolbox 2025/10/02 v2.5m e-TeX tools for LaTeX (JAW)
\etb@tempcnta=\count296
)
\MT@toks=\toks25
\MT@tempbox=\box55
\MT@count=\count297
LaTeX Info: Redefining \noprotrusionifhmode on input line 1087.
LaTeX Info: Redefining \leftprotrusion on input line 1088.
\MT@prot@toks=\toks26
LaTeX Info: Redefining \rightprotrusion on input line 1107.
LaTeX Info: Redefining \textls on input line 1449.
\MT@outer@kern=\dimen158
LaTeX Info: Redefining \microtypecontext on input line 2053.
LaTeX Info: Redefining \textmicrotypecontext on input line 2070.
\MT@listname@count=\count298
(/usr/share/texlive/texmf-dist/tex/latex/microtype/microtype-pdftex.def
File: microtype-pdftex.def 2025/07/09 v3.2b Definitions specific to pdftex (RS)

LaTeX Info: Redefining \lsstyle on input line 944.
LaTeX Info: Redefining \lslig on input line 944.
\MT@outer@space=\skip54
)
Package microtype Info: Loading configuration file microtype.cfg.
(/usr/share/texlive/texmf-dist/tex/latex/microtype/microtype.cfg
File: microtype.cfg 2025/07/09 v3.2b microtype main configuration file (RS)
)
LaTeX Info: Redefining \microtypesetup on input line 3065.
) (/usr/share/texlive/texmf-dist/tex/latex/parskip/parskip.sty
Package: parskip 2021-03-14 v2.0h non-zero parskip adjustments
(/usr/share/texlive/texmf-dist/tex/latex/kvoptions/kvoptions.sty
Package: kvoptions 2022-06-15 v3.15 Key value format for package options (HO)
(/usr/share/texlive/texmf-dist/tex/generic/ltxcmds/ltxcmds.sty
Package: ltxcmds 2023-12-04 v1.26 LaTeX kernel commands for general use (HO)
) (/usr/share/texlive/texmf-dist/tex/latex/kvsetkeys/kvsetkeys.sty
Package: kvsetkeys 2022-10-05 v1.19 Key value parser (HO)
))) (/usr/share/texlive/texmf-dist/tex/latex/fancyvrb/fancyvrb.sty
Package: fancyvrb 2025/07/28 4.6 verbatim text (tvz,hv)
\FV@CodeLineNo=\count299
\FV@InFile=\read2
\FV@TabBox=\box56
\c@FancyVerbLine=\count300
\FV@StepNumber=\count301
\FV@OutFile=\write3
) (/usr/share/texlive/texmf-dist/tex/latex/framed/framed.sty
Package: framed 2011/10/22 v 0.96: framed or shaded text with page breaks
\OuterFrameSep=\skip55
\fb@frw=\dimen159
\fb@frh=\dimen160
\FrameRule=\dimen161
\FrameSep=\dimen162
) (/usr/share/texlive/texmf-dist/tex/latex/tools/longtable.sty
Package: longtable 2025-10-13 v4.24 Multi-page Table package (DPC)
\LTleft=\skip56
\LTright=\skip57
\LTpre=\skip58
\LTpost=\skip59
\LTchunksize=\count302
\LTcapwidth=\dimen163
\LT@head=\box57
\LT@firsthead=\box58
\LT@foot=\box59
\LT@lastfoot=\box60
\LT@gbox=\box61
\LT@cols=\count303
\LT@rows=\count304
\c@LT@tables=\count305
\c@LT@chunks=\count306
\LT@p@ftn=\toks27
) (/usr/share/texlive/texmf-dist/tex/latex/booktabs/booktabs.sty
Package: booktabs 2020/01/12 v1.61803398 Publication quality tables
\heavyrulewidth=\dimen164
\lightrulewidth=\dimen165
\cmidrulewidth=\dimen166
\belowrulesep=\dimen167
\belowbottomsep=\dimen168
\aboverulesep=\dimen169
\abovetopsep=\dimen170
\cmidrulesep=\dimen171
\cmidrulekern=\dimen172
\defaultaddspace=\dimen173
\@cmidla=\count307
\@cmidlb=\count308
\@aboverulesep=\dimen174
\@belowrulesep=\dimen175
\@thisruleclass=\count309
\@lastruleclass=\count310
\@thisrulewidth=\dimen176
) (/usr/share/texlive/texmf-dist/tex/latex/tools/array.sty
Package: array 2025/09/25 v2.6n Tabular extension package (FMi)
\col@sep=\dimen177
\ar@mcellbox=\box62
\extrarowheight=\dimen178
\NC@list=\toks28
\extratabsurround=\skip60
\backup@length=\skip61
\ar@cellbox=\box63
)
\c@none=\count311
(/usr/share/texlive/texmf-dist/tex/latex/tools/calc.sty
Package: calc 2025/03/01 v4.3b Infix arithmetic (KKT,FJ)
\calc@Acount=\count312
\calc@Bcount=\count313
\calc@Adimen=\dimen179
\calc@Bdimen=\dimen180
\calc@Askip=\skip62
\calc@Bskip=\skip63
LaTeX Info: Redefining \setlength on input line 86.
LaTeX Info: Redefining \addtolength on input line 87.
\calc@Ccount=\count314
\calc@Cskip=\skip64
) (/usr/share/texlive/texmf-dist/tex/latex/footnotehyper/footnotehyper.sty
Package: footnotehyper 2025/11/15 v1.1f hyperref aware footnote.sty (JFB)
\FNH@notes=\box64
\FNH@width=\dimen181
\FNH@toks=\toks29
) (/usr/share/texlive/texmf-dist/tex/latex/graphics/graphicx.sty
Package: graphicx 2024/12/31 v1.2e Enhanced LaTeX Graphics (DPC,SPQR)
(/usr/share/texlive/texmf-dist/tex/latex/graphics/graphics.sty
Package: graphics 2024/08/06 v1.4g Standard LaTeX Graphics (DPC,SPQR)
(/usr/share/texlive/texmf-dist/tex/latex/graphics/trig.sty
Package: trig 2023/12/02 v1.11 sin cos tan (DPC)
) (/usr/share/texlive/texmf-dist/tex/latex/graphics-cfg/graphics.cfg
File: graphics.cfg 2016/06/04 v1.11 sample graphics configuration
)
Package graphics Info: Driver file: pdftex.def on input line 106.
)
\Gin@req@height=\dimen182
\Gin@req@width=\dimen183
)
\pandoc@box=\box65
(/usr/share/texlive/texmf-dist/tex/latex/natbib/natbib.sty
Package: natbib 2010/09/13 8.31b (PWD, AO)
\bibhang=\skip65
\bibsep=\skip66
LaTeX Info: Redefining \cite on input line 694.
\c@NAT@ctr=\count315
) (/usr/share/texlive/texmf-dist/tex/latex/amscls/amsthm.sty
Package: amsthm 2020/05/29 v2.20.6
\thm@style=\toks30
\thm@bodyfont=\toks31
\thm@headfont=\toks32
\thm@notefont=\toks33
\thm@headpunct=\toks34
\thm@preskip=\skip67
\thm@postskip=\skip68
\thm@headsep=\skip69
\dth@everypar=\toks35
) (/usr/share/texlive/texmf-dist/tex/latex/mathtools/mathtools.sty
Package: mathtools 2024/10/04 v1.31 mathematical typesetting tools
(/usr/share/texlive/texmf-dist/tex/latex/mathtools/mhsetup.sty
Package: mhsetup 2021/03/18 v1.4 programming setup (MH)
)
\g_MT_multlinerow_int=\count316
\l_MT_multwidth_dim=\dimen184
\origjot=\skip70
\l_MT_shortvdotswithinadjustabove_dim=\dimen185
\l_MT_shortvdotswithinadjustbelow_dim=\dimen186
\l_MT_above_intertext_sep=\dimen187
\l_MT_below_intertext_sep=\dimen188
\l_MT_above_shortintertext_sep=\dimen189
\l_MT_below_shortintertext_sep=\dimen190
\xmathstrut@box=\box66
\xmathstrut@dim=\dimen191
) (/usr/share/texlive/texmf-dist/tex/latex/bbm-macros/bbm.sty
Package: bbm 1999/03/15 V 1.2 provides fonts for set symbols - TH
LaTeX Font Info:    Overwriting math alphabet `\mathbbm' in version `bold'
(Font)                  U/bbm/m/n --> U/bbm/bx/n on input line 33.
LaTeX Font Info:    Overwriting math alphabet `\mathbbmss' in version `bold'
(Font)                  U/bbmss/m/n --> U/bbmss/bx/n on input line 35.
) (/usr/share/texlive/texmf-dist/tex/latex/graphics/lscape.sty
Package: lscape 2020/05/28 v3.02 Landscape Pages (DPC)
) (/usr/share/texlive/texmf-dist/tex/latex/multirow/multirow.sty
Package: multirow 2024/11/12 v2.9 Span multiple rows of a table
\multirow@colwidth=\skip71
\multirow@cntb=\count317
\multirow@dima=\skip72
\bigstrutjot=\dimen192
) (/usr/share/texlive/texmf-dist/tex/latex/wrapfig/wrapfig.sty
\wrapoverhang=\dimen193
\WF@size=\dimen194
\c@WF@wrappedlines=\count318
\WF@box=\box67
\WF@everypar=\toks36
Package: wrapfig 2003/01/31  v 3.6
) (/usr/share/texlive/texmf-dist/tex/latex/float/float.sty
Package: float 2001/11/08 v1.3d Float enhancements (AL)
\c@float@type=\count319
\float@exts=\toks37
\float@box=\box68
\@float@everytoks=\toks38
\@floatcapt=\box69
) (/usr/share/texlive/texmf-dist/tex/latex/colortbl/colortbl.sty
Package: colortbl 2024/10/29 v1.0k Color table columns (DPC)
\everycr=\toks39
\minrowclearance=\skip73
\rownum=\count320
) (/usr/share/texlive/texmf-dist/tex/latex/pdflscape/pdflscape.sty
Package: pdflscape 2025-06-23 v0.14 Display of landscape pages in PDF
(/usr/share/texlive/texmf-dist/tex/latex/pdflscape/pdflscape-nometadata.sty
Package: pdflscape-nometadata 2025-06-23 v0.14 Display of landscape pages in PD
F (HO)
Package pdflscape Info: Auto-detected driver: pdftex on input line 81.
)) (/usr/share/texlive/texmf-dist/tex/latex/tools/tabularx.sty
Package: tabularx 2023/12/11 v2.12a `tabularx' package (DPC)
\TX@col@width=\dimen195
\TX@old@table=\dimen196
\TX@old@col=\dimen197
\TX@target=\dimen198
\TX@delta=\dimen199
\TX@cols=\count321
\TX@ftn=\toks40
) (/usr/share/texlive/texmf-dist/tex/latex/xltabular/xltabular.sty
Package: xltabular 2025/02/28 v0.2i `xltabular' package (hv,RN)
(/usr/share/texlive/texmf-dist/tex/latex/ltablex/ltablex.sty
Package: ltablex 2014/08/13 v1.1 Modified tabularx
)) (/usr/share/texlive/texmf-dist/tex/latex/threeparttable/threeparttable.sty
Package: threeparttable 2003/06/13  v 3.0
\@tempboxb=\box70
) (/usr/share/texlive/texmf-dist/tex/latex/threeparttablex/threeparttablex.sty
Package: threeparttablex 2013/07/23 v0.3 by daleif
(/usr/share/texlive/texmf-dist/tex/latex/environ/environ.sty
Package: environ 2014/05/04 v0.3 A new way to define environments
(/usr/share/texlive/texmf-dist/tex/latex/trimspaces/trimspaces.sty
Package: trimspaces 2009/09/17 v1.1 Trim spaces around a token list
))
\TPTL@width=\skip74
) (/usr/share/texlive/texmf-dist/tex/generic/ulem/ulem.sty
\UL@box=\box71
\UL@hyphenbox=\box72
\UL@skip=\skip75
\UL@hook=\toks41
\UL@height=\dimen256
\UL@pe=\count322
\UL@pixel=\dimen257
\ULC@box=\box73
Package: ulem 2019/11/18
\ULdepth=\dimen258
) (/usr/share/texlive/texmf-dist/tex/latex/makecell/makecell.sty
Package: makecell 2009/08/03 V0.1e Managing of Tab Column Heads and Cells
\rotheadsize=\dimen259
\c@nlinenum=\count323
\TeXr@lab=\toks42
) (/usr/share/texlive/texmf-dist/tex/latex/bookmark/bookmark.sty
Package: bookmark 2023-12-10 v1.31 PDF bookmarks (HO)
(/usr/share/texlive/texmf-dist/tex/latex/hyperref/hyperref.sty
Package: hyperref 2025-07-12 v7.01o Hypertext links for LaTeX
(/usr/share/texlive/texmf-dist/tex/generic/kvdefinekeys/kvdefinekeys.sty
Package: kvdefinekeys 2019-12-19 v1.6 Define keys (HO)
) (/usr/share/texlive/texmf-dist/tex/generic/pdfescape/pdfescape.sty
Package: pdfescape 2019/12/09 v1.15 Implements pdfTeX's escape features (HO)
(/usr/share/texlive/texmf-dist/tex/generic/pdftexcmds/pdftexcmds.sty
Package: pdftexcmds 2020-06-27 v0.33 Utility functions of pdfTeX for LuaTeX (HO
)
(/usr/share/texlive/texmf-dist/tex/generic/infwarerr/infwarerr.sty
Package: infwarerr 2019/12/03 v1.5 Providing info/warning/error messages (HO)
)
Package pdftexcmds Info: \pdf@primitive is available.
Package pdftexcmds Info: \pdf@ifprimitive is available.
Package pdftexcmds Info: \pdfdraftmode found.
)) (/usr/share/texlive/texmf-dist/tex/latex/hycolor/hycolor.sty
Package: hycolor 2020-01-27 v1.10 Color options for hyperref/bookmark (HO)
) (/usr/share/texlive/texmf-dist/tex/latex/hyperref/nameref.sty
Package: nameref 2025-06-21 v2.57 Cross-referencing by name of section
(/usr/share/texlive/texmf-dist/tex/latex/refcount/refcount.sty
Package: refcount 2019/12/15 v3.6 Data extraction from label references (HO)
) (/usr/share/texlive/texmf-dist/tex/generic/gettitlestring/gettitlestring.sty
Package: gettitlestring 2019/12/15 v1.6 Cleanup title references (HO)
)
\c@section@level=\count324
) (/usr/share/texlive/texmf-dist/tex/generic/stringenc/stringenc.sty
Package: stringenc 2019/11/29 v1.12 Convert strings between diff. encodings (HO
)
)
\@linkdim=\dimen260
\Hy@linkcounter=\count325
\Hy@pagecounter=\count326
(/usr/share/texlive/texmf-dist/tex/latex/hyperref/pd1enc.def
File: pd1enc.def 2025-07-12 v7.01o Hyperref: PDFDocEncoding definition (HO)
Now handling font encoding PD1 ...
... no UTF-8 mapping file for font encoding PD1
) (/usr/share/texlive/texmf-dist/tex/generic/intcalc/intcalc.sty
Package: intcalc 2019/12/15 v1.3 Expandable calculations with integers (HO)
)
\Hy@SavedSpaceFactor=\count327
(/usr/share/texlive/texmf-dist/tex/latex/hyperref/puenc.def
File: puenc.def 2025-07-12 v7.01o Hyperref: PDF Unicode definition (HO)
Now handling font encoding PU ...
... no UTF-8 mapping file for font encoding PU
)
Package hyperref Info: Option `unicode' set `true' on input line 4066.
Package hyperref Info: Hyper figures OFF on input line 4195.
Package hyperref Info: Link nesting OFF on input line 4200.
Package hyperref Info: Hyper index ON on input line 4203.
Package hyperref Info: Plain pages OFF on input line 4210.
Package hyperref Info: Backreferencing OFF on input line 4215.
Package hyperref Info: Implicit mode ON; LaTeX internals redefined.
Package hyperref Info: Bookmarks ON on input line 4462.
\c@Hy@tempcnt=\count328
(/usr/share/texlive/texmf-dist/tex/latex/url/url.sty
\Urlmuskip=\muskip18
Package: url 2013/09/16  ver 3.4  Verb mode for urls, etc.
)
LaTeX Info: Redefining \url on input line 4801.
\XeTeXLinkMargin=\dimen261
(/usr/share/texlive/texmf-dist/tex/generic/bitset/bitset.sty
Package: bitset 2019/12/09 v1.3 Handle bit-vector datatype (HO)
(/usr/share/texlive/texmf-dist/tex/generic/bigintcalc/bigintcalc.sty
Package: bigintcalc 2019/12/15 v1.5 Expandable calculations on big integers (HO
)
))
\Fld@menulength=\count329
\Field@Width=\dimen262
\Fld@charsize=\dimen263
Package hyperref Info: Hyper figures OFF on input line 6078.
Package hyperref Info: Link nesting OFF on input line 6083.
Package hyperref Info: Hyper index ON on input line 6086.
Package hyperref Info: backreferencing OFF on input line 6093.
Package hyperref Info: Link coloring OFF on input line 6098.
Package hyperref Info: Link coloring with OCG OFF on input line 6103.
Package hyperref Info: PDF/A mode OFF on input line 6108.
\Hy@abspage=\count330
\c@Item=\count331
\c@Hfootnote=\count332
)
Package hyperref Info: Driver (autodetected): hpdftex.
(/usr/share/texlive/texmf-dist/tex/latex/hyperref/hpdftex.def
File: hpdftex.def 2025-07-12 v7.01o Hyperref driver for pdfTeX
\Fld@listcount=\count333
\c@bookmark@seq@number=\count334
(/usr/share/texlive/texmf-dist/tex/latex/rerunfilecheck/rerunfilecheck.sty
Package: rerunfilecheck 2025-06-21 v1.11 Rerun checks for auxiliary files (HO)
(/usr/share/texlive/texmf-dist/tex/generic/uniquecounter/uniquecounter.sty
Package: uniquecounter 2019/12/15 v1.4 Provide unlimited unique counter (HO)
)
Package uniquecounter Info: New unique counter `rerunfilecheck' on input line 2
84.
)
\Hy@SectionHShift=\skip76
) (/usr/share/texlive/texmf-dist/tex/latex/bookmark/bkm-pdftex.def
File: bkm-pdftex.def 2023-12-10 v1.31 bookmark driver for pdfTeX and luaTeX (HO
)
\BKM@id=\count335
)) (/usr/share/texlive/texmf-dist/tex/latex/xurl/xurl.sty
Package: xurl 2022/01/09 v 0.10 modify URL breaks
)
\c@theorem=\count336
\c@lemma=\count337
\c@corollary=\count338
\c@proposition=\count339
\c@conjecture=\count340
\c@definition=\count341
\c@example=\count342
\c@exercise=\count343
\c@hypothesis=\count344
LaTeX Font Info:    Trying to load font information for T1+lmr on input line 16
7.
(/usr/share/texmf/tex/latex/lm/t1lmr.fd
File: t1lmr.fd 2015/05/01 v1.6.1 Font defs for Latin Modern
) (/usr/share/texlive/texmf-dist/tex/latex/l3backend/l3backend-pdftex.def
File: l3backend-pdftex.def 2025-10-09 L3 backend support: PDF output (pdfTeX)
\l__color_backend_stack_int=\count345
)
(./Svetunkov--2023----Forecasting-and-Analytics-with-the-Augmented-Dynamic-Adap
tive-Model--ADAM-.aux

LaTeX Warning: Label `eq:MSARIMATransition' multiply defined.

)
\openout1 = `Svetunkov--2023----Forecasting-and-Analytics-with-the-Augmented-Dy
namic-Adaptive-Model--ADAM-.aux'.

LaTeX Font Info:    Checking defaults for OML/cmm/m/it on input line 167.
LaTeX Font Info:    ... okay on input line 167.
LaTeX Font Info:    Checking defaults for OMS/cmsy/m/n on input line 167.
LaTeX Font Info:    ... okay on input line 167.
LaTeX Font Info:    Checking defaults for OT1/cmr/m/n on input line 167.
LaTeX Font Info:    ... okay on input line 167.
LaTeX Font Info:    Checking defaults for T1/cmr/m/n on input line 167.
LaTeX Font Info:    ... okay on input line 167.
LaTeX Font Info:    Checking defaults for TS1/cmr/m/n on input line 167.
LaTeX Font Info:    ... okay on input line 167.
LaTeX Font Info:    Checking defaults for OMX/cmex/m/n on input line 167.
LaTeX Font Info:    ... okay on input line 167.
LaTeX Font Info:    Checking defaults for U/cmr/m/n on input line 167.
LaTeX Font Info:    ... okay on input line 167.
LaTeX Font Info:    Checking defaults for PD1/pdf/m/n on input line 167.
LaTeX Font Info:    ... okay on input line 167.
LaTeX Font Info:    Checking defaults for PU/pdf/m/n on input line 167.
LaTeX Font Info:    ... okay on input line 167.
(/usr/share/texlive/texmf-dist/tex/context/base/mkii/supp-pdf.mkii
[Loading MPS to PDF converter (version 2006.09.02).]
\scratchcounter=\count346
\scratchdimen=\dimen264
\scratchbox=\box74
\nofMPsegments=\count347
\nofMParguments=\count348
\everyMPshowfont=\toks43
\MPscratchCnt=\count349
\MPscratchDim=\dimen265
\MPnumerator=\count350
\makeMPintoPDFobject=\count351
\everyMPtoPDFconversion=\toks44
) (/usr/share/texlive/texmf-dist/tex/latex/epstopdf-pkg/epstopdf-base.sty
Package: epstopdf-base 2020-01-24 v2.11 Base part for package epstopdf
Package epstopdf-base Info: Redefining graphics rule for `.eps' on input line 4
85.
(/usr/share/texlive/texmf-dist/tex/latex/latexconfig/epstopdf-sys.cfg
File: epstopdf-sys.cfg 2010/07/13 v1.3 Configuration of (r)epstopdf for TeX Liv
e
))
LaTeX Info: Redefining \microtypecontext on input line 167.
Package microtype Info: Applying patch `item' on input line 167.
Package microtype Info: Applying patch `toc' on input line 167.
Package microtype Info: Applying patch `eqnum' on input line 167.
Package microtype Info: Applying patch `footnote' on input line 167.
Package microtype Info: Applying patch `verbatim' on input line 167.
LaTeX Info: Redefining \microtypesetup on input line 167.
Package microtype Info: Generating PDF output.
Package microtype Info: Character protrusion enabled (level 2).
Package microtype Info: Using protrusion set `basicmath'.
Package microtype Info: Automatic font expansion enabled (level 2),
(microtype)             stretch: 20, shrink: 20, step: 1, non-selected.
Package microtype Info: Using default expansion set `alltext-nott'.
Package microtype Info: Patching command `\showhyphens'.
Package microtype Info: No adjustment of tracking.
Package microtype Info: No adjustment of interword spacing.
Package microtype Info: No adjustment of character kerning.
(/usr/share/texlive/texmf-dist/tex/latex/microtype/mt-cmr.cfg
File: mt-cmr.cfg 2013/05/19 v2.2 microtype config. file: Computer Modern Roman 
(RS)
)
Package hyperref Info: Link coloring OFF on input line 167.
LaTeX Font Info:    Trying to load font information for OT1+lmr on input line 1
69.
(/usr/share/texmf/tex/latex/lm/ot1lmr.fd
File: ot1lmr.fd 2015/05/01 v1.6.1 Font defs for Latin Modern
)
LaTeX Font Info:    Trying to load font information for OML+lmm on input line 1
69.
(/usr/share/texmf/tex/latex/lm/omllmm.fd
File: omllmm.fd 2015/05/01 v1.6.1 Font defs for Latin Modern
)
LaTeX Font Info:    Trying to load font information for OMS+lmsy on input line 
169.
(/usr/share/texmf/tex/latex/lm/omslmsy.fd
File: omslmsy.fd 2015/05/01 v1.6.1 Font defs for Latin Modern
)
LaTeX Font Info:    Trying to load font information for OMX+lmex on input line 
169.
(/usr/share/texmf/tex/latex/lm/omxlmex.fd
File: omxlmex.fd 2015/05/01 v1.6.1 Font defs for Latin Modern
)
LaTeX Font Info:    External font `lmex10' loaded for size
(Font)              <12> on input line 169.
LaTeX Font Info:    External font `lmex10' loaded for size
(Font)              <8> on input line 169.
LaTeX Font Info:    External font `lmex10' loaded for size
(Font)              <6> on input line 169.
LaTeX Font Info:    Trying to load font information for U+msa on input line 169
.
(/usr/share/texlive/texmf-dist/tex/latex/amsfonts/umsa.fd
File: umsa.fd 2013/01/14 v3.01 AMS symbols A
) (/usr/share/texlive/texmf-dist/tex/latex/microtype/mt-msa.cfg
File: mt-msa.cfg 2006/02/04 v1.1 microtype config. file: AMS symbols (a) (RS)
)
LaTeX Font Info:    Trying to load font information for U+msb on input line 169
.
(/usr/share/texlive/texmf-dist/tex/latex/amsfonts/umsb.fd
File: umsb.fd 2013/01/14 v3.01 AMS symbols B
) (/usr/share/texlive/texmf-dist/tex/latex/microtype/mt-msb.cfg
File: mt-msb.cfg 2005/06/01 v1.0 microtype config. file: AMS symbols (b) (RS)
) [1


{/var/lib/texmf/fonts/map/pdftex/updmap/pdftex.map}{/usr/share/texmf/fonts/enc/
dvips/lm/lm-ec.enc}] [2

]
(./Svetunkov--2023----Forecasting-and-Analytics-with-the-Augmented-Dynamic-Adap
tive-Model--ADAM-.toc
LaTeX Font Info:    External font `lmex10' loaded for size
(Font)              <10> on input line 10.
LaTeX Font Info:    External font `lmex10' loaded for size
(Font)              <7> on input line 10.
LaTeX Font Info:    External font `lmex10' loaded for size
(Font)              <5> on input line 10.
[3] [4] [5])
\tf@toc=\write4
\openout4 = `Svetunkov--2023----Forecasting-and-Analytics-with-the-Augmented-Dy
namic-Adaptive-Model--ADAM-.toc'.

[6]
<images/ADAM-Cover-web-v2.jpg, id=276, 669.50125pt x 1003.75pt>
File: images/ADAM-Cover-web-v2.jpg Graphic file (type jpg)
<use images/ADAM-Cover-web-v2.jpg>
Package pdftex.def Info: images/ADAM-Cover-web-v2.jpg  used on input line 177.
(pdftex.def)             Requested size: 207.0021pt x 310.34753pt.
[7

 <./images/ADAM-Cover-web-v2.jpg>]
LaTeX Font Info:    Trying to load font information for T1+lmtt on input line 1
85.
(/usr/share/texmf/tex/latex/lm/t1lmtt.fd
File: t1lmtt.fd 2015/05/01 v1.6.1 Font defs for Latin Modern
) [8] [9]
LaTeX Font Info:    Font shape `T1/lmtt/bx/n' in size <10> not available
(Font)              Font shape `T1/lmtt/b/n' tried instead on input line 307.
[10] [11] [12

]
Chapter 1.
[13] [14] [15] [16] [17] [18{/usr/share/texmf/fonts/enc/dvips/lm/lm-rm.enc}{/us
r/share/texmf/fonts/enc/dvips/lm/lm-mathit.enc}{/usr/share/texmf/fonts/enc/dvip
s/lm/lm-mathex.enc}{/usr/share/texmf/fonts/enc/dvips/lm/lm-mathsy.enc}]
<Svetunkov--2023----Forecasting-and-Analytics-with-the-Augmented-Dynamic-Adapti
ve-Model--ADAM-_files/Svetunkov--2023----Forecasting-and-Analytics-with-the-Aug
mented-Dynamic-Adaptive-Model--ADAM-_files/figure-latex/adamExampleNormal-1.pdf
, id=496, 407.5225pt x 219.82124pt>
File: Svetunkov--2023----Forecasting-and-Analytics-with-the-Augmented-Dynamic-A
daptive-Model--ADAM-_files/Svetunkov--2023----Forecasting-and-Analytics-with-th
e-Augmented-Dynamic-Adaptive-Model--ADAM-_files/figure-latex/adamExampleNormal-
1.pdf Graphic file (type pdf)
<use Svetunkov--2023----Forecasting-and-Analytics-with-the-Augmented-Dynamic-Ad
aptive-Model--ADAM-_files/Svetunkov--2023----Forecasting-and-Analytics-with-the
-Augmented-Dynamic-Adaptive-Model--ADAM-_files/figure-latex/adamExampleNormal-1
.pdf>
Package pdftex.def Info: Svetunkov--2023----Forecasting-and-Analytics-with-the-
Augmented-Dynamic-Adaptive-Model--ADAM-_files/Svetunkov--2023----Forecasting-an
d-Analytics-with-the-Augmented-Dynamic-Adaptive-Model--ADAM-_files/figure-latex
/adamExampleNormal-1.pdf  used on input line 442.
(pdftex.def)             Requested size: 407.5215pt x 219.8207pt.
[19 <./Svetunkov--2023----Forecasting-and-Analytics-with-the-Augmented-Dynamic-
Adaptive-Model--ADAM-_files/Svetunkov--2023----Forecasting-and-Analytics-with-t
he-Augmented-Dynamic-Adaptive-Model--ADAM-_files/figure-latex/adamExampleNormal
-1.pdf>] [20] [21] [22]
Chapter 2.
[23

] [24] [25] [26]
LaTeX Font Info:    Trying to load font information for TS1+lmr on input line 7
26.
(/usr/share/texmf/tex/latex/lm/ts1lmr.fd
File: ts1lmr.fd 2015/05/01 v1.6.1 Font defs for Latin Modern
)
Underfull \vbox (badness 10000) has occurred while \output is active []

[27{/usr/share/texmf/fonts/enc/dvips/lm/lm-ts1.enc}] [28]
<Svetunkov--2023----Forecasting-and-Analytics-with-the-Augmented-Dynamic-Adapti
ve-Model--ADAM-_files/Svetunkov--2023----Forecasting-and-Analytics-with-the-Aug
mented-Dynamic-Adaptive-Model--ADAM-_files/figure-latex/errorMeasuresrRMSEDist-
1.pdf, id=690, 407.5225pt x 219.82124pt>
File: Svetunkov--2023----Forecasting-and-Analytics-with-the-Augmented-Dynamic-A
daptive-Model--ADAM-_files/Svetunkov--2023----Forecasting-and-Analytics-with-th
e-Augmented-Dynamic-Adaptive-Model--ADAM-_files/figure-latex/errorMeasuresrRMSE
Dist-1.pdf Graphic file (type pdf)
<use Svetunkov--2023----Forecasting-and-Analytics-with-the-Augmented-Dynamic-Ad
aptive-Model--ADAM-_files/Svetunkov--2023----Forecasting-and-Analytics-with-the
-Augmented-Dynamic-Adaptive-Model--ADAM-_files/figure-latex/errorMeasuresrRMSED
ist-1.pdf>
Package pdftex.def Info: Svetunkov--2023----Forecasting-and-Analytics-with-the-
Augmented-Dynamic-Adaptive-Model--ADAM-_files/Svetunkov--2023----Forecasting-an
d-Analytics-with-the-Augmented-Dynamic-Adaptive-Model--ADAM-_files/figure-latex
/errorMeasuresrRMSEDist-1.pdf  used on input line 809.
(pdftex.def)             Requested size: 407.5215pt x 219.8207pt.
<Svetunkov--2023----Forecasting-and-Analytics-with-the-Augmented-Dynamic-Adapti
ve-Model--ADAM-_files/Svetunkov--2023----Forecasting-and-Analytics-with-the-Aug
mented-Dynamic-Adaptive-Model--ADAM-_files/figure-latex/errorMeasuresrRMSEDistL
og-1.pdf, id=693, 407.5225pt x 219.82124pt>
File: Svetunkov--2023----Forecasting-and-Analytics-with-the-Augmented-Dynamic-A
daptive-Model--ADAM-_files/Svetunkov--2023----Forecasting-and-Analytics-with-th
e-Augmented-Dynamic-Adaptive-Model--ADAM-_files/figure-latex/errorMeasuresrRMSE
DistLog-1.pdf Graphic file (type pdf)
<use Svetunkov--2023----Forecasting-and-Analytics-with-the-Augmented-Dynamic-Ad
aptive-Model--ADAM-_files/Svetunkov--2023----Forecasting-and-Analytics-with-the
-Augmented-Dynamic-Adaptive-Model--ADAM-_files/figure-latex/errorMeasuresrRMSED
istLog-1.pdf>
Package pdftex.def Info: Svetunkov--2023----Forecasting-and-Analytics-with-the-
Augmented-Dynamic-Adaptive-Model--ADAM-_files/Svetunkov--2023----Forecasting-an
d-Analytics-with-the-Augmented-Dynamic-Adaptive-Model--ADAM-_files/figure-latex
/errorMeasuresrRMSEDistLog-1.pdf  used on input line 823.
(pdftex.def)             Requested size: 407.5215pt x 219.8207pt.
[29] [30 <./Svetunkov--2023----Forecasting-and-Analytics-with-the-Augmented-Dyn
amic-Adaptive-Model--ADAM-_files/Svetunkov--2023----Forecasting-and-Analytics-w
ith-the-Augmented-Dynamic-Adaptive-Model--ADAM-_files/figure-latex/errorMeasure
srRMSEDist-1.pdf> <./Svetunkov--2023----Forecasting-and-Analytics-with-the-Augm
ented-Dynamic-Adaptive-Model--ADAM-_files/Svetunkov--2023----Forecasting-and-An
alytics-with-the-Augmented-Dynamic-Adaptive-Model--ADAM-_files/figure-latex/err
orMeasuresrRMSEDistLog-1.pdf>]
LaTeX Font Info:    Trying to load font information for U+bbm on input line 865
.
(/usr/share/texlive/texmf-dist/tex/latex/bbm-macros/ubbm.fd
File: ubbm.fd 1999/03/15 V 1.2 Font definition for bbm font - TH
) [31] [32] [33]
<./images/errorMeasuresFlowChart.pdf, id=760, 3212.0pt x 4480.74pt>
File: ./images/errorMeasuresFlowChart.pdf Graphic file (type pdf)
<use ./images/errorMeasuresFlowChart.pdf>
Package pdftex.def Info: ./images/errorMeasuresFlowChart.pdf  used on input lin
e 975.
(pdftex.def)             Requested size: 345.0pt x 481.25995pt.
[34] [35 <./images/errorMeasuresFlowChart.pdf>]
Overfull \hbox (73.27917pt too wide) in paragraph at lines 1005--1006
[]\T1/lmr/m/n/10 (-20) You can also down-load this flowchart in PDF for-mat fro
m the []https://www.openforecast.org/adam/[]
 []

<./images/03-ROAnimation.jpg, id=808, 803.0pt x 481.8pt>
File: ./images/03-ROAnimation.jpg Graphic file (type jpg)
<use ./images/03-ROAnimation.jpg>
Package pdftex.def Info: ./images/03-ROAnimation.jpg  used on input line 1020.
(pdftex.def)             Requested size: 258.75pt x 155.25249pt.
[36]
<./images/03-ROProcessCO.jpg, id=825, 2193.19376pt x 616.3025pt>
File: ./images/03-ROProcessCO.jpg Graphic file (type jpg)
<use ./images/03-ROProcessCO.jpg>
Package pdftex.def Info: ./images/03-ROProcessCO.jpg  used on input line 1030.
(pdftex.def)             Requested size: 258.75pt x 72.70236pt.
[37 <./images/03-ROAnimation.jpg> <./images/03-ROProcessCO.jpg>]
<./images/03-ROProcessNoCO.jpg, id=836, 2193.19376pt x 803.0pt>
File: ./images/03-ROProcessNoCO.jpg Graphic file (type jpg)
<use ./images/03-ROProcessNoCO.jpg>
Package pdftex.def Info: ./images/03-ROProcessNoCO.jpg  used on input line 1036
.
(pdftex.def)             Requested size: 258.75pt x 94.72621pt.
<./images/03-ROProcessCOCI.jpg, id=838, 2193.19376pt x 616.3025pt>
File: ./images/03-ROProcessCOCI.jpg Graphic file (type jpg)
<use ./images/03-ROProcessCOCI.jpg>
Package pdftex.def Info: ./images/03-ROProcessCOCI.jpg  used on input line 1042
.
(pdftex.def)             Requested size: 258.75pt x 72.70236pt.
[38 <./images/03-ROProcessNoCO.jpg> <./images/03-ROProcessCOCI.jpg>]
<Svetunkov--2023----Forecasting-and-Analytics-with-the-Augmented-Dynamic-Adapti
ve-Model--ADAM-_files/Svetunkov--2023----Forecasting-and-Analytics-with-the-Aug
mented-Dynamic-Adaptive-Model--ADAM-_files/figure-latex/roOrigins-1.pdf, id=849
, 407.5225pt x 222.8325pt>
File: Svetunkov--2023----Forecasting-and-Analytics-with-the-Augmented-Dynamic-A
daptive-Model--ADAM-_files/Svetunkov--2023----Forecasting-and-Analytics-with-th
e-Augmented-Dynamic-Adaptive-Model--ADAM-_files/figure-latex/roOrigins-1.pdf Gr
aphic file (type pdf)
<use Svetunkov--2023----Forecasting-and-Analytics-with-the-Augmented-Dynamic-Ad
aptive-Model--ADAM-_files/Svetunkov--2023----Forecasting-and-Analytics-with-the
-Augmented-Dynamic-Adaptive-Model--ADAM-_files/figure-latex/roOrigins-1.pdf>
Package pdftex.def Info: Svetunkov--2023----Forecasting-and-Analytics-with-the-
Augmented-Dynamic-Adaptive-Model--ADAM-_files/Svetunkov--2023----Forecasting-an
d-Analytics-with-the-Augmented-Dynamic-Adaptive-Model--ADAM-_files/figure-latex
/roOrigins-1.pdf  used on input line 1118.
(pdftex.def)             Requested size: 407.5215pt x 222.83195pt.
[39] [40 <./Svetunkov--2023----Forecasting-and-Analytics-with-the-Augmented-Dyn
amic-Adaptive-Model--ADAM-_files/Svetunkov--2023----Forecasting-and-Analytics-w
ith-the-Augmented-Dynamic-Adaptive-Model--ADAM-_files/figure-latex/roOrigins-1.
pdf>] [41]
<Svetunkov--2023----Forecasting-and-Analytics-with-the-Augmented-Dynamic-Adapti
ve-Model--ADAM-_files/Svetunkov--2023----Forecasting-and-Analytics-with-the-Aug
mented-Dynamic-Adaptive-Model--ADAM-_files/figure-latex/roExample01-1.pdf, id=8
75, 562.1pt x 415.5525pt>
File: Svetunkov--2023----Forecasting-and-Analytics-with-the-Augmented-Dynamic-A
daptive-Model--ADAM-_files/Svetunkov--2023----Forecasting-and-Analytics-with-th
e-Augmented-Dynamic-Adaptive-Model--ADAM-_files/figure-latex/roExample01-1.pdf 
Graphic file (type pdf)
<use Svetunkov--2023----Forecasting-and-Analytics-with-the-Augmented-Dynamic-Ad
aptive-Model--ADAM-_files/Svetunkov--2023----Forecasting-and-Analytics-with-the
-Augmented-Dynamic-Adaptive-Model--ADAM-_files/figure-latex/roExample01-1.pdf>
Package pdftex.def Info: Svetunkov--2023----Forecasting-and-Analytics-with-the-
Augmented-Dynamic-Adaptive-Model--ADAM-_files/Svetunkov--2023----Forecasting-an
d-Analytics-with-the-Augmented-Dynamic-Adaptive-Model--ADAM-_files/figure-latex
/roExample01-1.pdf  used on input line 1218.
(pdftex.def)             Requested size: 562.09863pt x 415.55148pt.
[42 <./Svetunkov--2023----Forecasting-and-Analytics-with-the-Augmented-Dynamic-
Adaptive-Model--ADAM-_files/Svetunkov--2023----Forecasting-and-Analytics-with-t
he-Augmented-Dynamic-Adaptive-Model--ADAM-_files/figure-latex/roExample01-1.pdf
>]
<Svetunkov--2023----Forecasting-and-Analytics-with-the-Augmented-Dynamic-Adapti
ve-Model--ADAM-_files/Svetunkov--2023----Forecasting-and-Analytics-with-the-Aug
mented-Dynamic-Adaptive-Model--ADAM-_files/figure-latex/roExample02-1.pdf, id=8
90, 407.5225pt x 222.8325pt>
File: Svetunkov--2023----Forecasting-and-Analytics-with-the-Augmented-Dynamic-A
daptive-Model--ADAM-_files/Svetunkov--2023----Forecasting-and-Analytics-with-th
e-Augmented-Dynamic-Adaptive-Model--ADAM-_files/figure-latex/roExample02-1.pdf 
Graphic file (type pdf)
<use Svetunkov--2023----Forecasting-and-Analytics-with-the-Augmented-Dynamic-Ad
aptive-Model--ADAM-_files/Svetunkov--2023----Forecasting-and-Analytics-with-the
-Augmented-Dynamic-Adaptive-Model--ADAM-_files/figure-latex/roExample02-1.pdf>
Package pdftex.def Info: Svetunkov--2023----Forecasting-and-Analytics-with-the-
Augmented-Dynamic-Adaptive-Model--ADAM-_files/Svetunkov--2023----Forecasting-an
d-Analytics-with-the-Augmented-Dynamic-Adaptive-Model--ADAM-_files/figure-latex
/roExample02-1.pdf  used on input line 1242.
(pdftex.def)             Requested size: 407.5215pt x 222.83195pt.
[43 <./Svetunkov--2023----Forecasting-and-Analytics-with-the-Augmented-Dynamic-
Adaptive-Model--ADAM-_files/Svetunkov--2023----Forecasting-and-Analytics-with-t
he-Augmented-Dynamic-Adaptive-Model--ADAM-_files/figure-latex/roExample02-1.pdf
>] [44]
<Svetunkov--2023----Forecasting-and-Analytics-with-the-Augmented-Dynamic-Adapti
ve-Model--ADAM-_files/Svetunkov--2023----Forecasting-and-Analytics-with-the-Aug
mented-Dynamic-Adaptive-Model--ADAM-_files/figure-latex/smallCompetitionBoxplot
-1.pdf, id=913, 407.5225pt x 219.82124pt>
File: Svetunkov--2023----Forecasting-and-Analytics-with-the-Augmented-Dynamic-A
daptive-Model--ADAM-_files/Svetunkov--2023----Forecasting-and-Analytics-with-th
e-Augmented-Dynamic-Adaptive-Model--ADAM-_files/figure-latex/smallCompetitionBo
xplot-1.pdf Graphic file (type pdf)
<use Svetunkov--2023----Forecasting-and-Analytics-with-the-Augmented-Dynamic-Ad
aptive-Model--ADAM-_files/Svetunkov--2023----Forecasting-and-Analytics-with-the
-Augmented-Dynamic-Adaptive-Model--ADAM-_files/figure-latex/smallCompetitionBox
plot-1.pdf>
Package pdftex.def Info: Svetunkov--2023----Forecasting-and-Analytics-with-the-
Augmented-Dynamic-Adaptive-Model--ADAM-_files/Svetunkov--2023----Forecasting-an
d-Analytics-with-the-Augmented-Dynamic-Adaptive-Model--ADAM-_files/figure-latex
/smallCompetitionBoxplot-1.pdf  used on input line 1322.
(pdftex.def)             Requested size: 407.5215pt x 219.8207pt.
[45 <./Svetunkov--2023----Forecasting-and-Analytics-with-the-Augmented-Dynamic-
Adaptive-Model--ADAM-_files/Svetunkov--2023----Forecasting-and-Analytics-with-t
he-Augmented-Dynamic-Adaptive-Model--ADAM-_files/figure-latex/smallCompetitionB
oxplot-1.pdf>] [46]
<Svetunkov--2023----Forecasting-and-Analytics-with-the-Augmented-Dynamic-Adapti
ve-Model--ADAM-_files/Svetunkov--2023----Forecasting-and-Analytics-with-the-Aug
mented-Dynamic-Adaptive-Model--ADAM-_files/figure-latex/mcbForCompetition-1.pdf
, id=957, 407.5225pt x 219.82124pt>
File: Svetunkov--2023----Forecasting-and-Analytics-with-the-Augmented-Dynamic-A
daptive-Model--ADAM-_files/Svetunkov--2023----Forecasting-and-Analytics-with-th
e-Augmented-Dynamic-Adaptive-Model--ADAM-_files/figure-latex/mcbForCompetition-
1.pdf Graphic file (type pdf)
<use Svetunkov--2023----Forecasting-and-Analytics-with-the-Augmented-Dynamic-Ad
aptive-Model--ADAM-_files/Svetunkov--2023----Forecasting-and-Analytics-with-the
-Augmented-Dynamic-Adaptive-Model--ADAM-_files/figure-latex/mcbForCompetition-1
.pdf>
Package pdftex.def Info: Svetunkov--2023----Forecasting-and-Analytics-with-the-
Augmented-Dynamic-Adaptive-Model--ADAM-_files/Svetunkov--2023----Forecasting-an
d-Analytics-with-the-Augmented-Dynamic-Adaptive-Model--ADAM-_files/figure-latex
/mcbForCompetition-1.pdf  used on input line 1347.
(pdftex.def)             Requested size: 407.5215pt x 219.8207pt.
[47 <./Svetunkov--2023----Forecasting-and-Analytics-with-the-Augmented-Dynamic-
Adaptive-Model--ADAM-_files/Svetunkov--2023----Forecasting-and-Analytics-with-t
he-Augmented-Dynamic-Adaptive-Model--ADAM-_files/figure-latex/mcbForCompetition
-1.pdf>]
<Svetunkov--2023----Forecasting-and-Analytics-with-the-Augmented-Dynamic-Adapti
ve-Model--ADAM-_files/Svetunkov--2023----Forecasting-and-Analytics-with-the-Aug
mented-Dynamic-Adaptive-Model--ADAM-_files/figure-latex/mcbForCompetitionLarge-
1.pdf, id=977, 407.5225pt x 219.82124pt>
File: Svetunkov--2023----Forecasting-and-Analytics-with-the-Augmented-Dynamic-A
daptive-Model--ADAM-_files/Svetunkov--2023----Forecasting-and-Analytics-with-th
e-Augmented-Dynamic-Adaptive-Model--ADAM-_files/figure-latex/mcbForCompetitionL
arge-1.pdf Graphic file (type pdf)
<use Svetunkov--2023----Forecasting-and-Analytics-with-the-Augmented-Dynamic-Ad
aptive-Model--ADAM-_files/Svetunkov--2023----Forecasting-and-Analytics-with-the
-Augmented-Dynamic-Adaptive-Model--ADAM-_files/figure-latex/mcbForCompetitionLa
rge-1.pdf>
Package pdftex.def Info: Svetunkov--2023----Forecasting-and-Analytics-with-the-
Augmented-Dynamic-Adaptive-Model--ADAM-_files/Svetunkov--2023----Forecasting-an
d-Analytics-with-the-Augmented-Dynamic-Adaptive-Model--ADAM-_files/figure-latex
/mcbForCompetitionLarge-1.pdf  used on input line 1373.
(pdftex.def)             Requested size: 407.5215pt x 219.8207pt.
[48 <./Svetunkov--2023----Forecasting-and-Analytics-with-the-Augmented-Dynamic-
Adaptive-Model--ADAM-_files/Svetunkov--2023----Forecasting-and-Analytics-with-t
he-Augmented-Dynamic-Adaptive-Model--ADAM-_files/figure-latex/mcbForCompetition
Large-1.pdf>]
Chapter 3.
[49

]
<Svetunkov--2023----Forecasting-and-Analytics-with-the-Augmented-Dynamic-Adapti
ve-Model--ADAM-_files/Svetunkov--2023----Forecasting-and-Analytics-with-the-Aug
mented-Dynamic-Adaptive-Model--ADAM-_files/figure-latex/levelExample-1.pdf, id=
1002, 436.63126pt x 250.9375pt>
File: Svetunkov--2023----Forecasting-and-Analytics-with-the-Augmented-Dynamic-A
daptive-Model--ADAM-_files/Svetunkov--2023----Forecasting-and-Analytics-with-th
e-Augmented-Dynamic-Adaptive-Model--ADAM-_files/figure-latex/levelExample-1.pdf
 Graphic file (type pdf)
<use Svetunkov--2023----Forecasting-and-Analytics-with-the-Augmented-Dynamic-Ad
aptive-Model--ADAM-_files/Svetunkov--2023----Forecasting-and-Analytics-with-the
-Augmented-Dynamic-Adaptive-Model--ADAM-_files/figure-latex/levelExample-1.pdf>

Package pdftex.def Info: Svetunkov--2023----Forecasting-and-Analytics-with-the-
Augmented-Dynamic-Adaptive-Model--ADAM-_files/Svetunkov--2023----Forecasting-an
d-Analytics-with-the-Augmented-Dynamic-Adaptive-Model--ADAM-_files/figure-latex
/levelExample-1.pdf  used on input line 1418.
(pdftex.def)             Requested size: 436.63019pt x 250.93687pt.
<Svetunkov--2023----Forecasting-and-Analytics-with-the-Augmented-Dynamic-Adapti
ve-Model--ADAM-_files/Svetunkov--2023----Forecasting-and-Analytics-with-the-Aug
mented-Dynamic-Adaptive-Model--ADAM-_files/figure-latex/trendExample-1.pdf, id=
1005, 436.63126pt x 250.9375pt>
File: Svetunkov--2023----Forecasting-and-Analytics-with-the-Augmented-Dynamic-A
daptive-Model--ADAM-_files/Svetunkov--2023----Forecasting-and-Analytics-with-th
e-Augmented-Dynamic-Adaptive-Model--ADAM-_files/figure-latex/trendExample-1.pdf
 Graphic file (type pdf)
<use Svetunkov--2023----Forecasting-and-Analytics-with-the-Augmented-Dynamic-Ad
aptive-Model--ADAM-_files/Svetunkov--2023----Forecasting-and-Analytics-with-the
-Augmented-Dynamic-Adaptive-Model--ADAM-_files/figure-latex/trendExample-1.pdf>

Package pdftex.def Info: Svetunkov--2023----Forecasting-and-Analytics-with-the-
Augmented-Dynamic-Adaptive-Model--ADAM-_files/Svetunkov--2023----Forecasting-an
d-Analytics-with-the-Augmented-Dynamic-Adaptive-Model--ADAM-_files/figure-latex
/trendExample-1.pdf  used on input line 1434.
(pdftex.def)             Requested size: 436.63019pt x 250.93687pt.
<Svetunkov--2023----Forecasting-and-Analytics-with-the-Augmented-Dynamic-Adapti
ve-Model--ADAM-_files/Svetunkov--2023----Forecasting-and-Analytics-with-the-Aug
mented-Dynamic-Adaptive-Model--ADAM-_files/figure-latex/seasonalExample-1.pdf, 
id=1007, 436.63126pt x 250.9375pt>
File: Svetunkov--2023----Forecasting-and-Analytics-with-the-Augmented-Dynamic-A
daptive-Model--ADAM-_files/Svetunkov--2023----Forecasting-and-Analytics-with-th
e-Augmented-Dynamic-Adaptive-Model--ADAM-_files/figure-latex/seasonalExample-1.
pdf Graphic file (type pdf)
<use Svetunkov--2023----Forecasting-and-Analytics-with-the-Augmented-Dynamic-Ad
aptive-Model--ADAM-_files/Svetunkov--2023----Forecasting-and-Analytics-with-the
-Augmented-Dynamic-Adaptive-Model--ADAM-_files/figure-latex/seasonalExample-1.p
df>
Package pdftex.def Info: Svetunkov--2023----Forecasting-and-Analytics-with-the-
Augmented-Dynamic-Adaptive-Model--ADAM-_files/Svetunkov--2023----Forecasting-an
d-Analytics-with-the-Augmented-Dynamic-Adaptive-Model--ADAM-_files/figure-latex
/seasonalExample-1.pdf  used on input line 1450.
(pdftex.def)             Requested size: 436.63019pt x 250.93687pt.

Overfull \hbox (68.02446pt too wide) has occurred while \output is active
\T1/lmr/m/n/10 50 \T1/lmr/m/sl/10 CHAPTER 3.  TIME SERIES COMPONENTS AND SIMPLE
 FORECASTING METHODS
 []

[50 <./Svetunkov--2023----Forecasting-and-Analytics-with-the-Augmented-Dynamic-
Adaptive-Model--ADAM-_files/Svetunkov--2023----Forecasting-and-Analytics-with-t
he-Augmented-Dynamic-Adaptive-Model--ADAM-_files/figure-latex/levelExample-1.pd
f>] [51 <./Svetunkov--2023----Forecasting-and-Analytics-with-the-Augmented-Dyna
mic-Adaptive-Model--ADAM-_files/Svetunkov--2023----Forecasting-and-Analytics-wi
th-the-Augmented-Dynamic-Adaptive-Model--ADAM-_files/figure-latex/trendExample-
1.pdf> <./Svetunkov--2023----Forecasting-and-Analytics-with-the-Augmented-Dynam
ic-Adaptive-Model--ADAM-_files/Svetunkov--2023----Forecasting-and-Analytics-wit
h-the-Augmented-Dynamic-Adaptive-Model--ADAM-_files/figure-latex/seasonalExampl
e-1.pdf>]
<Svetunkov--2023----Forecasting-and-Analytics-with-the-Augmented-Dynamic-Adapti
ve-Model--ADAM-_files/Svetunkov--2023----Forecasting-and-Analytics-with-the-Aug
mented-Dynamic-Adaptive-Model--ADAM-_files/figure-latex/allExample-1.pdf, id=10
40, 459.7175pt x 319.1925pt>
File: Svetunkov--2023----Forecasting-and-Analytics-with-the-Augmented-Dynamic-A
daptive-Model--ADAM-_files/Svetunkov--2023----Forecasting-and-Analytics-with-th
e-Augmented-Dynamic-Adaptive-Model--ADAM-_files/figure-latex/allExample-1.pdf G
raphic file (type pdf)
<use Svetunkov--2023----Forecasting-and-Analytics-with-the-Augmented-Dynamic-Ad
aptive-Model--ADAM-_files/Svetunkov--2023----Forecasting-and-Analytics-with-the
-Augmented-Dynamic-Adaptive-Model--ADAM-_files/figure-latex/allExample-1.pdf>
Package pdftex.def Info: Svetunkov--2023----Forecasting-and-Analytics-with-the-
Augmented-Dynamic-Adaptive-Model--ADAM-_files/Svetunkov--2023----Forecasting-an
d-Analytics-with-the-Augmented-Dynamic-Adaptive-Model--ADAM-_files/figure-latex
/allExample-1.pdf  used on input line 1475.
(pdftex.def)             Requested size: 459.71637pt x 319.19171pt.

Overfull \hbox (68.02446pt too wide) has occurred while \output is active
\T1/lmr/m/n/10 52 \T1/lmr/m/sl/10 CHAPTER 3.  TIME SERIES COMPONENTS AND SIMPLE
 FORECASTING METHODS
 []

[52 <./Svetunkov--2023----Forecasting-and-Analytics-with-the-Augmented-Dynamic-
Adaptive-Model--ADAM-_files/Svetunkov--2023----Forecasting-and-Analytics-with-t
he-Augmented-Dynamic-Adaptive-Model--ADAM-_files/figure-latex/allExample-1.pdf>
] [53]
Overfull \hbox (68.02446pt too wide) has occurred while \output is active
\T1/lmr/m/n/10 54 \T1/lmr/m/sl/10 CHAPTER 3.  TIME SERIES COMPONENTS AND SIMPLE
 FORECASTING METHODS
 []

[54]
<Svetunkov--2023----Forecasting-and-Analytics-with-the-Augmented-Dynamic-Adapti
ve-Model--ADAM-_files/Svetunkov--2023----Forecasting-and-Analytics-with-the-Aug
mented-Dynamic-Adaptive-Model--ADAM-_files/figure-latex/decomposeAirPassengers-
1.pdf, id=1085, 441.65pt x 290.08376pt>
File: Svetunkov--2023----Forecasting-and-Analytics-with-the-Augmented-Dynamic-A
daptive-Model--ADAM-_files/Svetunkov--2023----Forecasting-and-Analytics-with-th
e-Augmented-Dynamic-Adaptive-Model--ADAM-_files/figure-latex/decomposeAirPassen
gers-1.pdf Graphic file (type pdf)
<use Svetunkov--2023----Forecasting-and-Analytics-with-the-Augmented-Dynamic-Ad
aptive-Model--ADAM-_files/Svetunkov--2023----Forecasting-and-Analytics-with-the
-Augmented-Dynamic-Adaptive-Model--ADAM-_files/figure-latex/decomposeAirPasseng
ers-1.pdf>
Package pdftex.def Info: Svetunkov--2023----Forecasting-and-Analytics-with-the-
Augmented-Dynamic-Adaptive-Model--ADAM-_files/Svetunkov--2023----Forecasting-an
d-Analytics-with-the-Augmented-Dynamic-Adaptive-Model--ADAM-_files/figure-latex
/decomposeAirPassengers-1.pdf  used on input line 1598.
(pdftex.def)             Requested size: 441.64891pt x 290.08304pt.
[55]
<Svetunkov--2023----Forecasting-and-Analytics-with-the-Augmented-Dynamic-Adapti
ve-Model--ADAM-_files/Svetunkov--2023----Forecasting-and-Analytics-with-the-Aug
mented-Dynamic-Adaptive-Model--ADAM-_files/figure-latex/decomposeRandomNoise-1.
pdf, id=1098, 441.65pt x 290.08376pt>
File: Svetunkov--2023----Forecasting-and-Analytics-with-the-Augmented-Dynamic-A
daptive-Model--ADAM-_files/Svetunkov--2023----Forecasting-and-Analytics-with-th
e-Augmented-Dynamic-Adaptive-Model--ADAM-_files/figure-latex/decomposeRandomNoi
se-1.pdf Graphic file (type pdf)
<use Svetunkov--2023----Forecasting-and-Analytics-with-the-Augmented-Dynamic-Ad
aptive-Model--ADAM-_files/Svetunkov--2023----Forecasting-and-Analytics-with-the
-Augmented-Dynamic-Adaptive-Model--ADAM-_files/figure-latex/decomposeRandomNois
e-1.pdf>
Package pdftex.def Info: Svetunkov--2023----Forecasting-and-Analytics-with-the-
Augmented-Dynamic-Adaptive-Model--ADAM-_files/Svetunkov--2023----Forecasting-an
d-Analytics-with-the-Augmented-Dynamic-Adaptive-Model--ADAM-_files/figure-latex
/decomposeRandomNoise-1.pdf  used on input line 1616.
(pdftex.def)             Requested size: 441.64891pt x 290.08304pt.

Overfull \hbox (68.02446pt too wide) has occurred while \output is active
\T1/lmr/m/n/10 56 \T1/lmr/m/sl/10 CHAPTER 3.  TIME SERIES COMPONENTS AND SIMPLE
 FORECASTING METHODS
 []

[56 <./Svetunkov--2023----Forecasting-and-Analytics-with-the-Augmented-Dynamic-
Adaptive-Model--ADAM-_files/Svetunkov--2023----Forecasting-and-Analytics-with-t
he-Augmented-Dynamic-Adaptive-Model--ADAM-_files/figure-latex/decomposeAirPasse
ngers-1.pdf>] [57 <./Svetunkov--2023----Forecasting-and-Analytics-with-the-Augm
ented-Dynamic-Adaptive-Model--ADAM-_files/Svetunkov--2023----Forecasting-and-An
alytics-with-the-Augmented-Dynamic-Adaptive-Model--ADAM-_files/figure-latex/dec
omposeRandomNoise-1.pdf>]
<Svetunkov--2023----Forecasting-and-Analytics-with-the-Augmented-Dynamic-Adapti
ve-Model--ADAM-_files/Svetunkov--2023----Forecasting-and-Analytics-with-the-Aug
mented-Dynamic-Adaptive-Model--ADAM-_files/figure-latex/decomposeTaylor-1.pdf, 
id=1141, 441.65pt x 257.96375pt>
File: Svetunkov--2023----Forecasting-and-Analytics-with-the-Augmented-Dynamic-A
daptive-Model--ADAM-_files/Svetunkov--2023----Forecasting-and-Analytics-with-th
e-Augmented-Dynamic-Adaptive-Model--ADAM-_files/figure-latex/decomposeTaylor-1.
pdf Graphic file (type pdf)
<use Svetunkov--2023----Forecasting-and-Analytics-with-the-Augmented-Dynamic-Ad
aptive-Model--ADAM-_files/Svetunkov--2023----Forecasting-and-Analytics-with-the
-Augmented-Dynamic-Adaptive-Model--ADAM-_files/figure-latex/decomposeTaylor-1.p
df>
Package pdftex.def Info: Svetunkov--2023----Forecasting-and-Analytics-with-the-
Augmented-Dynamic-Adaptive-Model--ADAM-_files/Svetunkov--2023----Forecasting-an
d-Analytics-with-the-Augmented-Dynamic-Adaptive-Model--ADAM-_files/figure-latex
/decomposeTaylor-1.pdf  used on input line 1678.
(pdftex.def)             Requested size: 441.64891pt x 257.9631pt.

Overfull \hbox (68.02446pt too wide) has occurred while \output is active
\T1/lmr/m/n/10 58 \T1/lmr/m/sl/10 CHAPTER 3.  TIME SERIES COMPONENTS AND SIMPLE
 FORECASTING METHODS
 []

[58 <./Svetunkov--2023----Forecasting-and-Analytics-with-the-Augmented-Dynamic-
Adaptive-Model--ADAM-_files/Svetunkov--2023----Forecasting-and-Analytics-with-t
he-Augmented-Dynamic-Adaptive-Model--ADAM-_files/figure-latex/decomposeTaylor-1
.pdf>] [59]
<Svetunkov--2023----Forecasting-and-Analytics-with-the-Augmented-Dynamic-Adapti
ve-Model--ADAM-_files/Svetunkov--2023----Forecasting-and-Analytics-with-the-Aug
mented-Dynamic-Adaptive-Model--ADAM-_files/figure-latex/naiveExample-1.pdf, id=
1183, 407.5225pt x 219.82124pt>
File: Svetunkov--2023----Forecasting-and-Analytics-with-the-Augmented-Dynamic-A
daptive-Model--ADAM-_files/Svetunkov--2023----Forecasting-and-Analytics-with-th
e-Augmented-Dynamic-Adaptive-Model--ADAM-_files/figure-latex/naiveExample-1.pdf
 Graphic file (type pdf)
<use Svetunkov--2023----Forecasting-and-Analytics-with-the-Augmented-Dynamic-Ad
aptive-Model--ADAM-_files/Svetunkov--2023----Forecasting-and-Analytics-with-the
-Augmented-Dynamic-Adaptive-Model--ADAM-_files/figure-latex/naiveExample-1.pdf>

Package pdftex.def Info: Svetunkov--2023----Forecasting-and-Analytics-with-the-
Augmented-Dynamic-Adaptive-Model--ADAM-_files/Svetunkov--2023----Forecasting-an
d-Analytics-with-the-Augmented-Dynamic-Adaptive-Model--ADAM-_files/figure-latex
/naiveExample-1.pdf  used on input line 1759.
(pdftex.def)             Requested size: 407.5215pt x 219.8207pt.

Overfull \hbox (68.02446pt too wide) has occurred while \output is active
\T1/lmr/m/n/10 60 \T1/lmr/m/sl/10 CHAPTER 3.  TIME SERIES COMPONENTS AND SIMPLE
 FORECASTING METHODS
 []

[60 <./Svetunkov--2023----Forecasting-and-Analytics-with-the-Augmented-Dynamic-
Adaptive-Model--ADAM-_files/Svetunkov--2023----Forecasting-and-Analytics-with-t
he-Augmented-Dynamic-Adaptive-Model--ADAM-_files/figure-latex/naiveExample-1.pd
f>]
<Svetunkov--2023----Forecasting-and-Analytics-with-the-Augmented-Dynamic-Adapti
ve-Model--ADAM-_files/Svetunkov--2023----Forecasting-and-Analytics-with-the-Aug
mented-Dynamic-Adaptive-Model--ADAM-_files/figure-latex/globalMeanExample-1.pdf
, id=1202, 407.5225pt x 219.82124pt>
File: Svetunkov--2023----Forecasting-and-Analytics-with-the-Augmented-Dynamic-A
daptive-Model--ADAM-_files/Svetunkov--2023----Forecasting-and-Analytics-with-th
e-Augmented-Dynamic-Adaptive-Model--ADAM-_files/figure-latex/globalMeanExample-
1.pdf Graphic file (type pdf)
<use Svetunkov--2023----Forecasting-and-Analytics-with-the-Augmented-Dynamic-Ad
aptive-Model--ADAM-_files/Svetunkov--2023----Forecasting-and-Analytics-with-the
-Augmented-Dynamic-Adaptive-Model--ADAM-_files/figure-latex/globalMeanExample-1
.pdf>
Package pdftex.def Info: Svetunkov--2023----Forecasting-and-Analytics-with-the-
Augmented-Dynamic-Adaptive-Model--ADAM-_files/Svetunkov--2023----Forecasting-an
d-Analytics-with-the-Augmented-Dynamic-Adaptive-Model--ADAM-_files/figure-latex
/globalMeanExample-1.pdf  used on input line 1792.
(pdftex.def)             Requested size: 407.5215pt x 219.8207pt.
[61]
Overfull \hbox (68.02446pt too wide) has occurred while \output is active
\T1/lmr/m/n/10 62 \T1/lmr/m/sl/10 CHAPTER 3.  TIME SERIES COMPONENTS AND SIMPLE
 FORECASTING METHODS
 []

[62 <./Svetunkov--2023----Forecasting-and-Analytics-with-the-Augmented-Dynamic-
Adaptive-Model--ADAM-_files/Svetunkov--2023----Forecasting-and-Analytics-with-t
he-Augmented-Dynamic-Adaptive-Model--ADAM-_files/figure-latex/globalMeanExample
-1.pdf>]
<Svetunkov--2023----Forecasting-and-Analytics-with-the-Augmented-Dynamic-Adapti
ve-Model--ADAM-_files/Svetunkov--2023----Forecasting-and-Analytics-with-the-Aug
mented-Dynamic-Adaptive-Model--ADAM-_files/figure-latex/SMAExample-1.pdf, id=12
33, 456.70625pt x 316.18124pt>
File: Svetunkov--2023----Forecasting-and-Analytics-with-the-Augmented-Dynamic-A
daptive-Model--ADAM-_files/Svetunkov--2023----Forecasting-and-Analytics-with-th
e-Augmented-Dynamic-Adaptive-Model--ADAM-_files/figure-latex/SMAExample-1.pdf G
raphic file (type pdf)
<use Svetunkov--2023----Forecasting-and-Analytics-with-the-Augmented-Dynamic-Ad
aptive-Model--ADAM-_files/Svetunkov--2023----Forecasting-and-Analytics-with-the
-Augmented-Dynamic-Adaptive-Model--ADAM-_files/figure-latex/SMAExample-1.pdf>
Package pdftex.def Info: Svetunkov--2023----Forecasting-and-Analytics-with-the-
Augmented-Dynamic-Adaptive-Model--ADAM-_files/Svetunkov--2023----Forecasting-an
d-Analytics-with-the-Augmented-Dynamic-Adaptive-Model--ADAM-_files/figure-latex
/SMAExample-1.pdf  used on input line 1834.
(pdftex.def)             Requested size: 456.70512pt x 316.18047pt.
[63 <./Svetunkov--2023----Forecasting-and-Analytics-with-the-Augmented-Dynamic-
Adaptive-Model--ADAM-_files/Svetunkov--2023----Forecasting-and-Analytics-with-t
he-Augmented-Dynamic-Adaptive-Model--ADAM-_files/figure-latex/SMAExample-1.pdf>
]
<Svetunkov--2023----Forecasting-and-Analytics-with-the-Augmented-Dynamic-Adapti
ve-Model--ADAM-_files/Svetunkov--2023----Forecasting-and-Analytics-with-the-Aug
mented-Dynamic-Adaptive-Model--ADAM-_files/figure-latex/RWDriftExample-1.pdf, i
d=1254, 407.5225pt x 219.82124pt>
File: Svetunkov--2023----Forecasting-and-Analytics-with-the-Augmented-Dynamic-A
daptive-Model--ADAM-_files/Svetunkov--2023----Forecasting-and-Analytics-with-th
e-Augmented-Dynamic-Adaptive-Model--ADAM-_files/figure-latex/RWDriftExample-1.p
df Graphic file (type pdf)
<use Svetunkov--2023----Forecasting-and-Analytics-with-the-Augmented-Dynamic-Ad
aptive-Model--ADAM-_files/Svetunkov--2023----Forecasting-and-Analytics-with-the
-Augmented-Dynamic-Adaptive-Model--ADAM-_files/figure-latex/RWDriftExample-1.pd
f>
Package pdftex.def Info: Svetunkov--2023----Forecasting-and-Analytics-with-the-
Augmented-Dynamic-Adaptive-Model--ADAM-_files/Svetunkov--2023----Forecasting-an
d-Analytics-with-the-Augmented-Dynamic-Adaptive-Model--ADAM-_files/figure-latex
/RWDriftExample-1.pdf  used on input line 1868.
(pdftex.def)             Requested size: 407.5215pt x 219.8207pt.

Overfull \hbox (68.02446pt too wide) has occurred while \output is active
\T1/lmr/m/n/10 64 \T1/lmr/m/sl/10 CHAPTER 3.  TIME SERIES COMPONENTS AND SIMPLE
 FORECASTING METHODS
 []

[64]
<Svetunkov--2023----Forecasting-and-Analytics-with-the-Augmented-Dynamic-Adapti
ve-Model--ADAM-_files/Svetunkov--2023----Forecasting-and-Analytics-with-the-Aug
mented-Dynamic-Adaptive-Model--ADAM-_files/figure-latex/GlobalTrendExample-1.pd
f, id=1266, 407.5225pt x 219.82124pt>
File: Svetunkov--2023----Forecasting-and-Analytics-with-the-Augmented-Dynamic-A
daptive-Model--ADAM-_files/Svetunkov--2023----Forecasting-and-Analytics-with-th
e-Augmented-Dynamic-Adaptive-Model--ADAM-_files/figure-latex/GlobalTrendExample
-1.pdf Graphic file (type pdf)
<use Svetunkov--2023----Forecasting-and-Analytics-with-the-Augmented-Dynamic-Ad
aptive-Model--ADAM-_files/Svetunkov--2023----Forecasting-and-Analytics-with-the
-Augmented-Dynamic-Adaptive-Model--ADAM-_files/figure-latex/GlobalTrendExample-
1.pdf>
Package pdftex.def Info: Svetunkov--2023----Forecasting-and-Analytics-with-the-
Augmented-Dynamic-Adaptive-Model--ADAM-_files/Svetunkov--2023----Forecasting-an
d-Analytics-with-the-Augmented-Dynamic-Adaptive-Model--ADAM-_files/figure-latex
/GlobalTrendExample-1.pdf  used on input line 1899.
(pdftex.def)             Requested size: 407.5215pt x 219.8207pt.
[65 <./Svetunkov--2023----Forecasting-and-Analytics-with-the-Augmented-Dynamic-
Adaptive-Model--ADAM-_files/Svetunkov--2023----Forecasting-and-Analytics-with-t
he-Augmented-Dynamic-Adaptive-Model--ADAM-_files/figure-latex/RWDriftExample-1.
pdf>]
<Svetunkov--2023----Forecasting-and-Analytics-with-the-Augmented-Dynamic-Adapti
ve-Model--ADAM-_files/Svetunkov--2023----Forecasting-and-Analytics-with-the-Aug
mented-Dynamic-Adaptive-Model--ADAM-_files/figure-latex/NaiveSeasonalExample-1.
pdf, id=1286, 407.5225pt x 227.85126pt>
File: Svetunkov--2023----Forecasting-and-Analytics-with-the-Augmented-Dynamic-A
daptive-Model--ADAM-_files/Svetunkov--2023----Forecasting-and-Analytics-with-th
e-Augmented-Dynamic-Adaptive-Model--ADAM-_files/figure-latex/NaiveSeasonalExamp
le-1.pdf Graphic file (type pdf)
<use Svetunkov--2023----Forecasting-and-Analytics-with-the-Augmented-Dynamic-Ad
aptive-Model--ADAM-_files/Svetunkov--2023----Forecasting-and-Analytics-with-the
-Augmented-Dynamic-Adaptive-Model--ADAM-_files/figure-latex/NaiveSeasonalExampl
e-1.pdf>
Package pdftex.def Info: Svetunkov--2023----Forecasting-and-Analytics-with-the-
Augmented-Dynamic-Adaptive-Model--ADAM-_files/Svetunkov--2023----Forecasting-an
d-Analytics-with-the-Augmented-Dynamic-Adaptive-Model--ADAM-_files/figure-latex
/NaiveSeasonalExample-1.pdf  used on input line 1931.
(pdftex.def)             Requested size: 407.5215pt x 227.8507pt.

Overfull \hbox (68.02446pt too wide) has occurred while \output is active
\T1/lmr/m/n/10 66 \T1/lmr/m/sl/10 CHAPTER 3.  TIME SERIES COMPONENTS AND SIMPLE
 FORECASTING METHODS
 []

[66 <./Svetunkov--2023----Forecasting-and-Analytics-with-the-Augmented-Dynamic-
Adaptive-Model--ADAM-_files/Svetunkov--2023----Forecasting-and-Analytics-with-t
he-Augmented-Dynamic-Adaptive-Model--ADAM-_files/figure-latex/GlobalTrendExampl
e-1.pdf>]
Underfull \vbox (badness 10000) has occurred while \output is active []

[67 <./Svetunkov--2023----Forecasting-and-Analytics-with-the-Augmented-Dynamic-
Adaptive-Model--ADAM-_files/Svetunkov--2023----Forecasting-and-Analytics-with-t
he-Augmented-Dynamic-Adaptive-Model--ADAM-_files/figure-latex/NaiveSeasonalExam
ple-1.pdf>]
<Svetunkov--2023----Forecasting-and-Analytics-with-the-Augmented-Dynamic-Adapti
ve-Model--ADAM-_files/Svetunkov--2023----Forecasting-and-Analytics-with-the-Aug
mented-Dynamic-Adaptive-Model--ADAM-_files/figure-latex/SESExample1-1.pdf, id=1
329, 407.5225pt x 219.82124pt>
File: Svetunkov--2023----Forecasting-and-Analytics-with-the-Augmented-Dynamic-A
daptive-Model--ADAM-_files/Svetunkov--2023----Forecasting-and-Analytics-with-th
e-Augmented-Dynamic-Adaptive-Model--ADAM-_files/figure-latex/SESExample1-1.pdf 
Graphic file (type pdf)
<use Svetunkov--2023----Forecasting-and-Analytics-with-the-Augmented-Dynamic-Ad
aptive-Model--ADAM-_files/Svetunkov--2023----Forecasting-and-Analytics-with-the
-Augmented-Dynamic-Adaptive-Model--ADAM-_files/figure-latex/SESExample1-1.pdf>
Package pdftex.def Info: Svetunkov--2023----Forecasting-and-Analytics-with-the-
Augmented-Dynamic-Adaptive-Model--ADAM-_files/Svetunkov--2023----Forecasting-an
d-Analytics-with-the-Augmented-Dynamic-Adaptive-Model--ADAM-_files/figure-latex
/SESExample1-1.pdf  used on input line 1962.
(pdftex.def)             Requested size: 407.5215pt x 219.8207pt.
<Svetunkov--2023----Forecasting-and-Analytics-with-the-Augmented-Dynamic-Adapti
ve-Model--ADAM-_files/Svetunkov--2023----Forecasting-and-Analytics-with-the-Aug
mented-Dynamic-Adaptive-Model--ADAM-_files/figure-latex/SESExample2-1.pdf, id=1
332, 407.5225pt x 221.82875pt>
File: Svetunkov--2023----Forecasting-and-Analytics-with-the-Augmented-Dynamic-A
daptive-Model--ADAM-_files/Svetunkov--2023----Forecasting-and-Analytics-with-th
e-Augmented-Dynamic-Adaptive-Model--ADAM-_files/figure-latex/SESExample2-1.pdf 
Graphic file (type pdf)
<use Svetunkov--2023----Forecasting-and-Analytics-with-the-Augmented-Dynamic-Ad
aptive-Model--ADAM-_files/Svetunkov--2023----Forecasting-and-Analytics-with-the
-Augmented-Dynamic-Adaptive-Model--ADAM-_files/figure-latex/SESExample2-1.pdf>
Package pdftex.def Info: Svetunkov--2023----Forecasting-and-Analytics-with-the-
Augmented-Dynamic-Adaptive-Model--ADAM-_files/Svetunkov--2023----Forecasting-an
d-Analytics-with-the-Augmented-Dynamic-Adaptive-Model--ADAM-_files/figure-latex
/SESExample2-1.pdf  used on input line 1978.
(pdftex.def)             Requested size: 407.5215pt x 221.82819pt.
<Svetunkov--2023----Forecasting-and-Analytics-with-the-Augmented-Dynamic-Adapti
ve-Model--ADAM-_files/Svetunkov--2023----Forecasting-and-Analytics-with-the-Aug
mented-Dynamic-Adaptive-Model--ADAM-_files/figure-latex/SESExamples-1.pdf, id=1
335, 459.7175pt x 314.17375pt>
File: Svetunkov--2023----Forecasting-and-Analytics-with-the-Augmented-Dynamic-A
daptive-Model--ADAM-_files/Svetunkov--2023----Forecasting-and-Analytics-with-th
e-Augmented-Dynamic-Adaptive-Model--ADAM-_files/figure-latex/SESExamples-1.pdf 
Graphic file (type pdf)
<use Svetunkov--2023----Forecasting-and-Analytics-with-the-Augmented-Dynamic-Ad
aptive-Model--ADAM-_files/Svetunkov--2023----Forecasting-and-Analytics-with-the
-Augmented-Dynamic-Adaptive-Model--ADAM-_files/figure-latex/SESExamples-1.pdf>
Package pdftex.def Info: Svetunkov--2023----Forecasting-and-Analytics-with-the-
Augmented-Dynamic-Adaptive-Model--ADAM-_files/Svetunkov--2023----Forecasting-an
d-Analytics-with-the-Augmented-Dynamic-Adaptive-Model--ADAM-_files/figure-latex
/SESExamples-1.pdf  used on input line 1986.
(pdftex.def)             Requested size: 459.71637pt x 314.17297pt.

Overfull \hbox (68.02446pt too wide) has occurred while \output is active
\T1/lmr/m/n/10 68 \T1/lmr/m/sl/10 CHAPTER 3.  TIME SERIES COMPONENTS AND SIMPLE
 FORECASTING METHODS
 []

[68 <./Svetunkov--2023----Forecasting-and-Analytics-with-the-Augmented-Dynamic-
Adaptive-Model--ADAM-_files/Svetunkov--2023----Forecasting-and-Analytics-with-t
he-Augmented-Dynamic-Adaptive-Model--ADAM-_files/figure-latex/SESExample1-1.pdf
>] [69 <./Svetunkov--2023----Forecasting-and-Analytics-with-the-Augmented-Dynam
ic-Adaptive-Model--ADAM-_files/Svetunkov--2023----Forecasting-and-Analytics-wit
h-the-Augmented-Dynamic-Adaptive-Model--ADAM-_files/figure-latex/SESExample2-1.
pdf> <./Svetunkov--2023----Forecasting-and-Analytics-with-the-Augmented-Dynamic
-Adaptive-Model--ADAM-_files/Svetunkov--2023----Forecasting-and-Analytics-with-
the-Augmented-Dynamic-Adaptive-Model--ADAM-_files/figure-latex/SESExamples-1.pd
f>]
<Svetunkov--2023----Forecasting-and-Analytics-with-the-Augmented-Dynamic-Adapti
ve-Model--ADAM-_files/Svetunkov--2023----Forecasting-and-Analytics-with-the-Aug
mented-Dynamic-Adaptive-Model--ADAM-_files/figure-latex/SESExampleNaive-1.pdf, 
id=1373, 407.5225pt x 221.82875pt>
File: Svetunkov--2023----Forecasting-and-Analytics-with-the-Augmented-Dynamic-A
daptive-Model--ADAM-_files/Svetunkov--2023----Forecasting-and-Analytics-with-th
e-Augmented-Dynamic-Adaptive-Model--ADAM-_files/figure-latex/SESExampleNaive-1.
pdf Graphic file (type pdf)
<use Svetunkov--2023----Forecasting-and-Analytics-with-the-Augmented-Dynamic-Ad
aptive-Model--ADAM-_files/Svetunkov--2023----Forecasting-and-Analytics-with-the
-Augmented-Dynamic-Adaptive-Model--ADAM-_files/figure-latex/SESExampleNaive-1.p
df>
Package pdftex.def Info: Svetunkov--2023----Forecasting-and-Analytics-with-the-
Augmented-Dynamic-Adaptive-Model--ADAM-_files/Svetunkov--2023----Forecasting-an
d-Analytics-with-the-Augmented-Dynamic-Adaptive-Model--ADAM-_files/figure-latex
/SESExampleNaive-1.pdf  used on input line 1994.
(pdftex.def)             Requested size: 407.5215pt x 221.82819pt.
<Svetunkov--2023----Forecasting-and-Analytics-with-the-Augmented-Dynamic-Adapti
ve-Model--ADAM-_files/Svetunkov--2023----Forecasting-and-Analytics-with-the-Aug
mented-Dynamic-Adaptive-Model--ADAM-_files/figure-latex/SESExample3-1.pdf, id=1
375, 407.5225pt x 253.94875pt>
File: Svetunkov--2023----Forecasting-and-Analytics-with-the-Augmented-Dynamic-A
daptive-Model--ADAM-_files/Svetunkov--2023----Forecasting-and-Analytics-with-th
e-Augmented-Dynamic-Adaptive-Model--ADAM-_files/figure-latex/SESExample3-1.pdf 
Graphic file (type pdf)
<use Svetunkov--2023----Forecasting-and-Analytics-with-the-Augmented-Dynamic-Ad
aptive-Model--ADAM-_files/Svetunkov--2023----Forecasting-and-Analytics-with-the
-Augmented-Dynamic-Adaptive-Model--ADAM-_files/figure-latex/SESExample3-1.pdf>
Package pdftex.def Info: Svetunkov--2023----Forecasting-and-Analytics-with-the-
Augmented-Dynamic-Adaptive-Model--ADAM-_files/Svetunkov--2023----Forecasting-an
d-Analytics-with-the-Augmented-Dynamic-Adaptive-Model--ADAM-_files/figure-latex
/SESExample3-1.pdf  used on input line 2010.
(pdftex.def)             Requested size: 407.5215pt x 253.94812pt.

Overfull \hbox (68.02446pt too wide) has occurred while \output is active
\T1/lmr/m/n/10 70 \T1/lmr/m/sl/10 CHAPTER 3.  TIME SERIES COMPONENTS AND SIMPLE
 FORECASTING METHODS
 []

[70 <./Svetunkov--2023----Forecasting-and-Analytics-with-the-Augmented-Dynamic-
Adaptive-Model--ADAM-_files/Svetunkov--2023----Forecasting-and-Analytics-with-t
he-Augmented-Dynamic-Adaptive-Model--ADAM-_files/figure-latex/SESExampleNaive-1
.pdf>]
<Svetunkov--2023----Forecasting-and-Analytics-with-the-Augmented-Dynamic-Adapti
ve-Model--ADAM-_files/Svetunkov--2023----Forecasting-and-Analytics-with-the-Aug
mented-Dynamic-Adaptive-Model--ADAM-_files/figure-latex/BrownExponentialExample
-1.pdf, id=1397, 436.63126pt x 254.9525pt>
File: Svetunkov--2023----Forecasting-and-Analytics-with-the-Augmented-Dynamic-A
daptive-Model--ADAM-_files/Svetunkov--2023----Forecasting-and-Analytics-with-th
e-Augmented-Dynamic-Adaptive-Model--ADAM-_files/figure-latex/BrownExponentialEx
ample-1.pdf Graphic file (type pdf)
<use Svetunkov--2023----Forecasting-and-Analytics-with-the-Augmented-Dynamic-Ad
aptive-Model--ADAM-_files/Svetunkov--2023----Forecasting-and-Analytics-with-the
-Augmented-Dynamic-Adaptive-Model--ADAM-_files/figure-latex/BrownExponentialExa
mple-1.pdf>
Package pdftex.def Info: Svetunkov--2023----Forecasting-and-Analytics-with-the-
Augmented-Dynamic-Adaptive-Model--ADAM-_files/Svetunkov--2023----Forecasting-an
d-Analytics-with-the-Augmented-Dynamic-Adaptive-Model--ADAM-_files/figure-latex
/BrownExponentialExample-1.pdf  used on input line 2048.
(pdftex.def)             Requested size: 436.63019pt x 254.95186pt.
[71 <./Svetunkov--2023----Forecasting-and-Analytics-with-the-Augmented-Dynamic-
Adaptive-Model--ADAM-_files/Svetunkov--2023----Forecasting-and-Analytics-with-t
he-Augmented-Dynamic-Adaptive-Model--ADAM-_files/figure-latex/SESExample3-1.pdf
>]
Overfull \hbox (68.02446pt too wide) has occurred while \output is active
\T1/lmr/m/n/10 72 \T1/lmr/m/sl/10 CHAPTER 3.  TIME SERIES COMPONENTS AND SIMPLE
 FORECASTING METHODS
 []

[72 <./Svetunkov--2023----Forecasting-and-Analytics-with-the-Augmented-Dynamic-
Adaptive-Model--ADAM-_files/Svetunkov--2023----Forecasting-and-Analytics-with-t
he-Augmented-Dynamic-Adaptive-Model--ADAM-_files/figure-latex/BrownExponentialE
xample-1.pdf>]
Chapter 4.
[73

]
<Svetunkov--2023----Forecasting-and-Analytics-with-the-Augmented-Dynamic-Adapti
ve-Model--ADAM-_files/Svetunkov--2023----Forecasting-and-Analytics-with-the-Aug
mented-Dynamic-Adaptive-Model--ADAM-_files/figure-latex/ETSTaxonomyAdditive-1.p
df, id=1456, 452.69125pt x 319.1925pt>
File: Svetunkov--2023----Forecasting-and-Analytics-with-the-Augmented-Dynamic-A
daptive-Model--ADAM-_files/Svetunkov--2023----Forecasting-and-Analytics-with-th
e-Augmented-Dynamic-Adaptive-Model--ADAM-_files/figure-latex/ETSTaxonomyAdditiv
e-1.pdf Graphic file (type pdf)
<use Svetunkov--2023----Forecasting-and-Analytics-with-the-Augmented-Dynamic-Ad
aptive-Model--ADAM-_files/Svetunkov--2023----Forecasting-and-Analytics-with-the
-Augmented-Dynamic-Adaptive-Model--ADAM-_files/figure-latex/ETSTaxonomyAdditive
-1.pdf>
Package pdftex.def Info: Svetunkov--2023----Forecasting-and-Analytics-with-the-
Augmented-Dynamic-Adaptive-Model--ADAM-_files/Svetunkov--2023----Forecasting-an
d-Analytics-with-the-Augmented-Dynamic-Adaptive-Model--ADAM-_files/figure-latex
/ETSTaxonomyAdditive-1.pdf  used on input line 2092.
(pdftex.def)             Requested size: 452.69014pt x 319.19171pt.
<Svetunkov--2023----Forecasting-and-Analytics-with-the-Augmented-Dynamic-Adapti
ve-Model--ADAM-_files/Svetunkov--2023----Forecasting-and-Analytics-with-the-Aug
mented-Dynamic-Adaptive-Model--ADAM-_files/figure-latex/ETSTaxonomyMultiplicati
ve-1.pdf, id=1459, 452.69125pt x 319.1925pt>
File: Svetunkov--2023----Forecasting-and-Analytics-with-the-Augmented-Dynamic-A
daptive-Model--ADAM-_files/Svetunkov--2023----Forecasting-and-Analytics-with-th
e-Augmented-Dynamic-Adaptive-Model--ADAM-_files/figure-latex/ETSTaxonomyMultipl
icative-1.pdf Graphic file (type pdf)
<use Svetunkov--2023----Forecasting-and-Analytics-with-the-Augmented-Dynamic-Ad
aptive-Model--ADAM-_files/Svetunkov--2023----Forecasting-and-Analytics-with-the
-Augmented-Dynamic-Adaptive-Model--ADAM-_files/figure-latex/ETSTaxonomyMultipli
cative-1.pdf>
Package pdftex.def Info: Svetunkov--2023----Forecasting-and-Analytics-with-the-
Augmented-Dynamic-Adaptive-Model--ADAM-_files/Svetunkov--2023----Forecasting-an
d-Analytics-with-the-Augmented-Dynamic-Adaptive-Model--ADAM-_files/figure-latex
/ETSTaxonomyMultiplicative-1.pdf  used on input line 2115.
(pdftex.def)             Requested size: 452.69014pt x 319.19171pt.
[74 <./Svetunkov--2023----Forecasting-and-Analytics-with-the-Augmented-Dynamic-
Adaptive-Model--ADAM-_files/Svetunkov--2023----Forecasting-and-Analytics-with-t
he-Augmented-Dynamic-Adaptive-Model--ADAM-_files/figure-latex/ETSTaxonomyAdditi
ve-1.pdf>] [75 <./Svetunkov--2023----Forecasting-and-Analytics-with-the-Augment
ed-Dynamic-Adaptive-Model--ADAM-_files/Svetunkov--2023----Forecasting-and-Analy
tics-with-the-Augmented-Dynamic-Adaptive-Model--ADAM-_files/figure-latex/ETSTax
onomyMultiplicative-1.pdf>] [76]

LaTeX Warning: Float too large for page by 140.10966pt on input line 2203.

[77] [78] [79




] [80] [81


]
<Svetunkov--2023----Forecasting-and-Analytics-with-the-Augmented-Dynamic-Adapti
ve-Model--ADAM-_files/Svetunkov--2023----Forecasting-and-Analytics-with-the-Aug
mented-Dynamic-Adaptive-Model--ADAM-_files/figure-latex/DGPetsANNExample-1.pdf,
 id=1565, 459.7175pt x 319.1925pt>
File: Svetunkov--2023----Forecasting-and-Analytics-with-the-Augmented-Dynamic-A
daptive-Model--ADAM-_files/Svetunkov--2023----Forecasting-and-Analytics-with-th
e-Augmented-Dynamic-Adaptive-Model--ADAM-_files/figure-latex/DGPetsANNExample-1
.pdf Graphic file (type pdf)
<use Svetunkov--2023----Forecasting-and-Analytics-with-the-Augmented-Dynamic-Ad
aptive-Model--ADAM-_files/Svetunkov--2023----Forecasting-and-Analytics-with-the
-Augmented-Dynamic-Adaptive-Model--ADAM-_files/figure-latex/DGPetsANNExample-1.
pdf>
Package pdftex.def Info: Svetunkov--2023----Forecasting-and-Analytics-with-the-
Augmented-Dynamic-Adaptive-Model--ADAM-_files/Svetunkov--2023----Forecasting-an
d-Analytics-with-the-Augmented-Dynamic-Adaptive-Model--ADAM-_files/figure-latex
/DGPetsANNExample-1.pdf  used on input line 2458.
(pdftex.def)             Requested size: 459.71637pt x 319.19171pt.
[82] [83 <./Svetunkov--2023----Forecasting-and-Analytics-with-the-Augmented-Dyn
amic-Adaptive-Model--ADAM-_files/Svetunkov--2023----Forecasting-and-Analytics-w
ith-the-Augmented-Dynamic-Adaptive-Model--ADAM-_files/figure-latex/DGPetsANNExa
mple-1.pdf>]
<Svetunkov--2023----Forecasting-and-Analytics-with-the-Augmented-Dynamic-Adapti
ve-Model--ADAM-_files/Svetunkov--2023----Forecasting-and-Analytics-with-the-Aug
mented-Dynamic-Adaptive-Model--ADAM-_files/figure-latex/ETSANNExample-1.pdf, id
=1588, 407.5225pt x 253.94875pt>
File: Svetunkov--2023----Forecasting-and-Analytics-with-the-Augmented-Dynamic-A
daptive-Model--ADAM-_files/Svetunkov--2023----Forecasting-and-Analytics-with-th
e-Augmented-Dynamic-Adaptive-Model--ADAM-_files/figure-latex/ETSANNExample-1.pd
f Graphic file (type pdf)
<use Svetunkov--2023----Forecasting-and-Analytics-with-the-Augmented-Dynamic-Ad
aptive-Model--ADAM-_files/Svetunkov--2023----Forecasting-and-Analytics-with-the
-Augmented-Dynamic-Adaptive-Model--ADAM-_files/figure-latex/ETSANNExample-1.pdf
>
Package pdftex.def Info: Svetunkov--2023----Forecasting-and-Analytics-with-the-
Augmented-Dynamic-Adaptive-Model--ADAM-_files/Svetunkov--2023----Forecasting-an
d-Analytics-with-the-Augmented-Dynamic-Adaptive-Model--ADAM-_files/figure-latex
/ETSANNExample-1.pdf  used on input line 2492.
(pdftex.def)             Requested size: 407.5215pt x 253.94812pt.
[84 <./Svetunkov--2023----Forecasting-and-Analytics-with-the-Augmented-Dynamic-
Adaptive-Model--ADAM-_files/Svetunkov--2023----Forecasting-and-Analytics-with-t
he-Augmented-Dynamic-Adaptive-Model--ADAM-_files/figure-latex/ETSANNExample-1.p
df>]
<Svetunkov--2023----Forecasting-and-Analytics-with-the-Augmented-Dynamic-Adapti
ve-Model--ADAM-_files/Svetunkov--2023----Forecasting-and-Analytics-with-the-Aug
mented-Dynamic-Adaptive-Model--ADAM-_files/figure-latex/ETSANNExamplealpha01-1.
pdf, id=1605, 407.5225pt x 253.94875pt>
File: Svetunkov--2023----Forecasting-and-Analytics-with-the-Augmented-Dynamic-A
daptive-Model--ADAM-_files/Svetunkov--2023----Forecasting-and-Analytics-with-th
e-Augmented-Dynamic-Adaptive-Model--ADAM-_files/figure-latex/ETSANNExamplealpha
01-1.pdf Graphic file (type pdf)
<use Svetunkov--2023----Forecasting-and-Analytics-with-the-Augmented-Dynamic-Ad
aptive-Model--ADAM-_files/Svetunkov--2023----Forecasting-and-Analytics-with-the
-Augmented-Dynamic-Adaptive-Model--ADAM-_files/figure-latex/ETSANNExamplealpha0
1-1.pdf>
Package pdftex.def Info: Svetunkov--2023----Forecasting-and-Analytics-with-the-
Augmented-Dynamic-Adaptive-Model--ADAM-_files/Svetunkov--2023----Forecasting-an
d-Analytics-with-the-Augmented-Dynamic-Adaptive-Model--ADAM-_files/figure-latex
/ETSANNExamplealpha01-1.pdf  used on input line 2509.
(pdftex.def)             Requested size: 407.5215pt x 253.94812pt.
[85 <./Svetunkov--2023----Forecasting-and-Analytics-with-the-Augmented-Dynamic-
Adaptive-Model--ADAM-_files/Svetunkov--2023----Forecasting-and-Analytics-with-t
he-Augmented-Dynamic-Adaptive-Model--ADAM-_files/figure-latex/ETSANNExamplealph
a01-1.pdf>] [86]
<Svetunkov--2023----Forecasting-and-Analytics-with-the-Augmented-Dynamic-Adapti
ve-Model--ADAM-_files/Svetunkov--2023----Forecasting-and-Analytics-with-the-Aug
mented-Dynamic-Adaptive-Model--ADAM-_files/figure-latex/ETSMNNExample-1.pdf, id
=1647, 407.5225pt x 253.94875pt>
File: Svetunkov--2023----Forecasting-and-Analytics-with-the-Augmented-Dynamic-A
daptive-Model--ADAM-_files/Svetunkov--2023----Forecasting-and-Analytics-with-th
e-Augmented-Dynamic-Adaptive-Model--ADAM-_files/figure-latex/ETSMNNExample-1.pd
f Graphic file (type pdf)
<use Svetunkov--2023----Forecasting-and-Analytics-with-the-Augmented-Dynamic-Ad
aptive-Model--ADAM-_files/Svetunkov--2023----Forecasting-and-Analytics-with-the
-Augmented-Dynamic-Adaptive-Model--ADAM-_files/figure-latex/ETSMNNExample-1.pdf
>
Package pdftex.def Info: Svetunkov--2023----Forecasting-and-Analytics-with-the-
Augmented-Dynamic-Adaptive-Model--ADAM-_files/Svetunkov--2023----Forecasting-an
d-Analytics-with-the-Augmented-Dynamic-Adaptive-Model--ADAM-_files/figure-latex
/ETSMNNExample-1.pdf  used on input line 2592.
(pdftex.def)             Requested size: 407.5215pt x 253.94812pt.
[87 <./Svetunkov--2023----Forecasting-and-Analytics-with-the-Augmented-Dynamic-
Adaptive-Model--ADAM-_files/Svetunkov--2023----Forecasting-and-Analytics-with-t
he-Augmented-Dynamic-Adaptive-Model--ADAM-_files/figure-latex/ETSMNNExample-1.p
df>]
LaTeX Font Info:    Trying to load font information for TS1+lmtt on input line 
2605.
(/usr/share/texmf/tex/latex/lm/ts1lmtt.fd
File: ts1lmtt.fd 2015/05/01 v1.6.1 Font defs for Latin Modern
)
<Svetunkov--2023----Forecasting-and-Analytics-with-the-Augmented-Dynamic-Adapti
ve-Model--ADAM-_files/Svetunkov--2023----Forecasting-and-Analytics-with-the-Aug
mented-Dynamic-Adaptive-Model--ADAM-_files/figure-latex/ETSANNvsMNNData-1.pdf, 
id=1665, 453.695pt x 314.17375pt>
File: Svetunkov--2023----Forecasting-and-Analytics-with-the-Augmented-Dynamic-A
daptive-Model--ADAM-_files/Svetunkov--2023----Forecasting-and-Analytics-with-th
e-Augmented-Dynamic-Adaptive-Model--ADAM-_files/figure-latex/ETSANNvsMNNData-1.
pdf Graphic file (type pdf)
<use Svetunkov--2023----Forecasting-and-Analytics-with-the-Augmented-Dynamic-Ad
aptive-Model--ADAM-_files/Svetunkov--2023----Forecasting-and-Analytics-with-the
-Augmented-Dynamic-Adaptive-Model--ADAM-_files/figure-latex/ETSANNvsMNNData-1.p
df>
Package pdftex.def Info: Svetunkov--2023----Forecasting-and-Analytics-with-the-
Augmented-Dynamic-Adaptive-Model--ADAM-_files/Svetunkov--2023----Forecasting-an
d-Analytics-with-the-Augmented-Dynamic-Adaptive-Model--ADAM-_files/figure-latex
/ETSANNvsMNNData-1.pdf  used on input line 2620.
(pdftex.def)             Requested size: 453.6939pt x 314.17297pt.
[88 <./Svetunkov--2023----Forecasting-and-Analytics-with-the-Augmented-Dynamic-
Adaptive-Model--ADAM-_files/Svetunkov--2023----Forecasting-and-Analytics-with-t
he-Augmented-Dynamic-Adaptive-Model--ADAM-_files/figure-latex/ETSANNvsMNNData-1
.pdf>]
<Svetunkov--2023----Forecasting-and-Analytics-with-the-Augmented-Dynamic-Adapti
ve-Model--ADAM-_files/Svetunkov--2023----Forecasting-and-Analytics-with-the-Aug
mented-Dynamic-Adaptive-Model--ADAM-_files/figure-latex/ETSANNvsMNNForecasts-1.
pdf, id=1685, 424.58624pt x 285.065pt>
File: Svetunkov--2023----Forecasting-and-Analytics-with-the-Augmented-Dynamic-A
daptive-Model--ADAM-_files/Svetunkov--2023----Forecasting-and-Analytics-with-th
e-Augmented-Dynamic-Adaptive-Model--ADAM-_files/figure-latex/ETSANNvsMNNForecas
ts-1.pdf Graphic file (type pdf)
<use Svetunkov--2023----Forecasting-and-Analytics-with-the-Augmented-Dynamic-Ad
aptive-Model--ADAM-_files/Svetunkov--2023----Forecasting-and-Analytics-with-the
-Augmented-Dynamic-Adaptive-Model--ADAM-_files/figure-latex/ETSANNvsMNNForecast
s-1.pdf>
Package pdftex.def Info: Svetunkov--2023----Forecasting-and-Analytics-with-the-
Augmented-Dynamic-Adaptive-Model--ADAM-_files/Svetunkov--2023----Forecasting-an
d-Analytics-with-the-Augmented-Dynamic-Adaptive-Model--ADAM-_files/figure-latex
/ETSANNvsMNNForecasts-1.pdf  used on input line 2628.
(pdftex.def)             Requested size: 424.5852pt x 285.0643pt.

Overfull \hbox (104.9677pt too wide) has occurred while \output is active
\T1/lmr/m/sl/10 4.4.  SEVERAL EXAMPLES OF ETS AND RELATED EXPONENTIAL SMOOTHING
 METHODS \T1/lmr/m/n/10 89
 []

[89 <./Svetunkov--2023----Forecasting-and-Analytics-with-the-Augmented-Dynamic-
Adaptive-Model--ADAM-_files/Svetunkov--2023----Forecasting-and-Analytics-with-t
he-Augmented-Dynamic-Adaptive-Model--ADAM-_files/figure-latex/ETSANNvsMNNForeca
sts-1.pdf>]
<Svetunkov--2023----Forecasting-and-Analytics-with-the-Augmented-Dynamic-Adapti
ve-Model--ADAM-_files/Svetunkov--2023----Forecasting-and-Analytics-with-the-Aug
mented-Dynamic-Adaptive-Model--ADAM-_files/figure-latex/ETSAANExample-1.pdf, id
=1720, 436.63126pt x 283.0575pt>
File: Svetunkov--2023----Forecasting-and-Analytics-with-the-Augmented-Dynamic-A
daptive-Model--ADAM-_files/Svetunkov--2023----Forecasting-and-Analytics-with-th
e-Augmented-Dynamic-Adaptive-Model--ADAM-_files/figure-latex/ETSAANExample-1.pd
f Graphic file (type pdf)
<use Svetunkov--2023----Forecasting-and-Analytics-with-the-Augmented-Dynamic-Ad
aptive-Model--ADAM-_files/Svetunkov--2023----Forecasting-and-Analytics-with-the
-Augmented-Dynamic-Adaptive-Model--ADAM-_files/figure-latex/ETSAANExample-1.pdf
>
Package pdftex.def Info: Svetunkov--2023----Forecasting-and-Analytics-with-the-
Augmented-Dynamic-Adaptive-Model--ADAM-_files/Svetunkov--2023----Forecasting-an
d-Analytics-with-the-Augmented-Dynamic-Adaptive-Model--ADAM-_files/figure-latex
/ETSAANExample-1.pdf  used on input line 2669.
(pdftex.def)             Requested size: 436.63019pt x 283.0568pt.
[90]
<Svetunkov--2023----Forecasting-and-Analytics-with-the-Augmented-Dynamic-Adapti
ve-Model--ADAM-_files/Svetunkov--2023----Forecasting-and-Analytics-with-the-Aug
mented-Dynamic-Adaptive-Model--ADAM-_files/figure-latex/ETSAANExampleForecast-1
.pdf, id=1737, 407.5225pt x 253.94875pt>
File: Svetunkov--2023----Forecasting-and-Analytics-with-the-Augmented-Dynamic-A
daptive-Model--ADAM-_files/Svetunkov--2023----Forecasting-and-Analytics-with-th
e-Augmented-Dynamic-Adaptive-Model--ADAM-_files/figure-latex/ETSAANExampleForec
ast-1.pdf Graphic file (type pdf)
<use Svetunkov--2023----Forecasting-and-Analytics-with-the-Augmented-Dynamic-Ad
aptive-Model--ADAM-_files/Svetunkov--2023----Forecasting-and-Analytics-with-the
-Augmented-Dynamic-Adaptive-Model--ADAM-_files/figure-latex/ETSAANExampleForeca
st-1.pdf>
Package pdftex.def Info: Svetunkov--2023----Forecasting-and-Analytics-with-the-
Augmented-Dynamic-Adaptive-Model--ADAM-_files/Svetunkov--2023----Forecasting-an
d-Analytics-with-the-Augmented-Dynamic-Adaptive-Model--ADAM-_files/figure-latex
/ETSAANExampleForecast-1.pdf  used on input line 2691.
(pdftex.def)             Requested size: 407.5215pt x 253.94812pt.

Overfull \hbox (104.9677pt too wide) has occurred while \output is active
\T1/lmr/m/sl/10 4.4.  SEVERAL EXAMPLES OF ETS AND RELATED EXPONENTIAL SMOOTHING
 METHODS \T1/lmr/m/n/10 91
 []

[91 <./Svetunkov--2023----Forecasting-and-Analytics-with-the-Augmented-Dynamic-
Adaptive-Model--ADAM-_files/Svetunkov--2023----Forecasting-and-Analytics-with-t
he-Augmented-Dynamic-Adaptive-Model--ADAM-_files/figure-latex/ETSAANExample-1.p
df>] [92 <./Svetunkov--2023----Forecasting-and-Analytics-with-the-Augmented-Dyn
amic-Adaptive-Model--ADAM-_files/Svetunkov--2023----Forecasting-and-Analytics-w
ith-the-Augmented-Dynamic-Adaptive-Model--ADAM-_files/figure-latex/ETSAANExampl
eForecast-1.pdf>]
<Svetunkov--2023----Forecasting-and-Analytics-with-the-Augmented-Dynamic-Adapti
ve-Model--ADAM-_files/Svetunkov--2023----Forecasting-and-Analytics-with-the-Aug
mented-Dynamic-Adaptive-Model--ADAM-_files/figure-latex/ETSAAdNExample-1.pdf, i
d=1779, 436.63126pt x 283.0575pt>
File: Svetunkov--2023----Forecasting-and-Analytics-with-the-Augmented-Dynamic-A
daptive-Model--ADAM-_files/Svetunkov--2023----Forecasting-and-Analytics-with-th
e-Augmented-Dynamic-Adaptive-Model--ADAM-_files/figure-latex/ETSAAdNExample-1.p
df Graphic file (type pdf)
<use Svetunkov--2023----Forecasting-and-Analytics-with-the-Augmented-Dynamic-Ad
aptive-Model--ADAM-_files/Svetunkov--2023----Forecasting-and-Analytics-with-the
-Augmented-Dynamic-Adaptive-Model--ADAM-_files/figure-latex/ETSAAdNExample-1.pd
f>
Package pdftex.def Info: Svetunkov--2023----Forecasting-and-Analytics-with-the-
Augmented-Dynamic-Adaptive-Model--ADAM-_files/Svetunkov--2023----Forecasting-an
d-Analytics-with-the-Augmented-Dynamic-Adaptive-Model--ADAM-_files/figure-latex
/ETSAAdNExample-1.pdf  used on input line 2777.
(pdftex.def)             Requested size: 436.63019pt x 283.0568pt.

Overfull \hbox (104.9677pt too wide) has occurred while \output is active
\T1/lmr/m/sl/10 4.4.  SEVERAL EXAMPLES OF ETS AND RELATED EXPONENTIAL SMOOTHING
 METHODS \T1/lmr/m/n/10 93
 []

[93 <./Svetunkov--2023----Forecasting-and-Analytics-with-the-Augmented-Dynamic-
Adaptive-Model--ADAM-_files/Svetunkov--2023----Forecasting-and-Analytics-with-t
he-Augmented-Dynamic-Adaptive-Model--ADAM-_files/figure-latex/ETSAAdNExample-1.
pdf>]
<Svetunkov--2023----Forecasting-and-Analytics-with-the-Augmented-Dynamic-Adapti
ve-Model--ADAM-_files/Svetunkov--2023----Forecasting-and-Analytics-with-the-Aug
mented-Dynamic-Adaptive-Model--ADAM-_files/figure-latex/ETSAAdNExampleForecast-
1.pdf, id=1797, 407.5225pt x 253.94875pt>
File: Svetunkov--2023----Forecasting-and-Analytics-with-the-Augmented-Dynamic-A
daptive-Model--ADAM-_files/Svetunkov--2023----Forecasting-and-Analytics-with-th
e-Augmented-Dynamic-Adaptive-Model--ADAM-_files/figure-latex/ETSAAdNExampleFore
cast-1.pdf Graphic file (type pdf)
<use Svetunkov--2023----Forecasting-and-Analytics-with-the-Augmented-Dynamic-Ad
aptive-Model--ADAM-_files/Svetunkov--2023----Forecasting-and-Analytics-with-the
-Augmented-Dynamic-Adaptive-Model--ADAM-_files/figure-latex/ETSAAdNExampleForec
ast-1.pdf>
Package pdftex.def Info: Svetunkov--2023----Forecasting-and-Analytics-with-the-
Augmented-Dynamic-Adaptive-Model--ADAM-_files/Svetunkov--2023----Forecasting-an
d-Analytics-with-the-Augmented-Dynamic-Adaptive-Model--ADAM-_files/figure-latex
/ETSAAdNExampleForecast-1.pdf  used on input line 2792.
(pdftex.def)             Requested size: 407.5215pt x 253.94812pt.
<Svetunkov--2023----Forecasting-and-Analytics-with-the-Augmented-Dynamic-Adapti
ve-Model--ADAM-_files/Svetunkov--2023----Forecasting-and-Analytics-with-the-Aug
mented-Dynamic-Adaptive-Model--ADAM-_files/figure-latex/ETSAAdNPhiValues-1.pdf,
 id=1800, 407.5225pt x 248.93pt>
File: Svetunkov--2023----Forecasting-and-Analytics-with-the-Augmented-Dynamic-A
daptive-Model--ADAM-_files/Svetunkov--2023----Forecasting-and-Analytics-with-th
e-Augmented-Dynamic-Adaptive-Model--ADAM-_files/figure-latex/ETSAAdNPhiValues-1
.pdf Graphic file (type pdf)
<use Svetunkov--2023----Forecasting-and-Analytics-with-the-Augmented-Dynamic-Ad
aptive-Model--ADAM-_files/Svetunkov--2023----Forecasting-and-Analytics-with-the
-Augmented-Dynamic-Adaptive-Model--ADAM-_files/figure-latex/ETSAAdNPhiValues-1.
pdf>
Package pdftex.def Info: Svetunkov--2023----Forecasting-and-Analytics-with-the-
Augmented-Dynamic-Adaptive-Model--ADAM-_files/Svetunkov--2023----Forecasting-an
d-Analytics-with-the-Augmented-Dynamic-Adaptive-Model--ADAM-_files/figure-latex
/ETSAAdNPhiValues-1.pdf  used on input line 2802.
(pdftex.def)             Requested size: 407.5215pt x 248.92938pt.
[94 <./Svetunkov--2023----Forecasting-and-Analytics-with-the-Augmented-Dynamic-
Adaptive-Model--ADAM-_files/Svetunkov--2023----Forecasting-and-Analytics-with-t
he-Augmented-Dynamic-Adaptive-Model--ADAM-_files/figure-latex/ETSAAdNExampleFor
ecast-1.pdf>]
<Svetunkov--2023----Forecasting-and-Analytics-with-the-Augmented-Dynamic-Adapti
ve-Model--ADAM-_files/Svetunkov--2023----Forecasting-and-Analytics-with-the-Aug
mented-Dynamic-Adaptive-Model--ADAM-_files/figure-latex/ETSAAMExample-1.pdf, id
=1821, 436.63126pt x 283.0575pt>
File: Svetunkov--2023----Forecasting-and-Analytics-with-the-Augmented-Dynamic-A
daptive-Model--ADAM-_files/Svetunkov--2023----Forecasting-and-Analytics-with-th
e-Augmented-Dynamic-Adaptive-Model--ADAM-_files/figure-latex/ETSAAMExample-1.pd
f Graphic file (type pdf)
<use Svetunkov--2023----Forecasting-and-Analytics-with-the-Augmented-Dynamic-Ad
aptive-Model--ADAM-_files/Svetunkov--2023----Forecasting-and-Analytics-with-the
-Augmented-Dynamic-Adaptive-Model--ADAM-_files/figure-latex/ETSAAMExample-1.pdf
>
Package pdftex.def Info: Svetunkov--2023----Forecasting-and-Analytics-with-the-
Augmented-Dynamic-Adaptive-Model--ADAM-_files/Svetunkov--2023----Forecasting-an
d-Analytics-with-the-Augmented-Dynamic-Adaptive-Model--ADAM-_files/figure-latex
/ETSAAMExample-1.pdf  used on input line 2833.
(pdftex.def)             Requested size: 436.63019pt x 283.0568pt.

Overfull \hbox (104.9677pt too wide) has occurred while \output is active
\T1/lmr/m/sl/10 4.4.  SEVERAL EXAMPLES OF ETS AND RELATED EXPONENTIAL SMOOTHING
 METHODS \T1/lmr/m/n/10 95
 []

[95 <./Svetunkov--2023----Forecasting-and-Analytics-with-the-Augmented-Dynamic-
Adaptive-Model--ADAM-_files/Svetunkov--2023----Forecasting-and-Analytics-with-t
he-Augmented-Dynamic-Adaptive-Model--ADAM-_files/figure-latex/ETSAAdNPhiValues-
1.pdf>]
<Svetunkov--2023----Forecasting-and-Analytics-with-the-Augmented-Dynamic-Adapti
ve-Model--ADAM-_files/Svetunkov--2023----Forecasting-and-Analytics-with-the-Aug
mented-Dynamic-Adaptive-Model--ADAM-_files/figure-latex/ETSAAMExampleForecast-1
.pdf, id=1838, 407.5225pt x 253.94875pt>
File: Svetunkov--2023----Forecasting-and-Analytics-with-the-Augmented-Dynamic-A
daptive-Model--ADAM-_files/Svetunkov--2023----Forecasting-and-Analytics-with-th
e-Augmented-Dynamic-Adaptive-Model--ADAM-_files/figure-latex/ETSAAMExampleForec
ast-1.pdf Graphic file (type pdf)
<use Svetunkov--2023----Forecasting-and-Analytics-with-the-Augmented-Dynamic-Ad
aptive-Model--ADAM-_files/Svetunkov--2023----Forecasting-and-Analytics-with-the
-Augmented-Dynamic-Adaptive-Model--ADAM-_files/figure-latex/ETSAAMExampleForeca
st-1.pdf>
Package pdftex.def Info: Svetunkov--2023----Forecasting-and-Analytics-with-the-
Augmented-Dynamic-Adaptive-Model--ADAM-_files/Svetunkov--2023----Forecasting-an
d-Analytics-with-the-Augmented-Dynamic-Adaptive-Model--ADAM-_files/figure-latex
/ETSAAMExampleForecast-1.pdf  used on input line 2848.
(pdftex.def)             Requested size: 407.5215pt x 253.94812pt.
[96 <./Svetunkov--2023----Forecasting-and-Analytics-with-the-Augmented-Dynamic-
Adaptive-Model--ADAM-_files/Svetunkov--2023----Forecasting-and-Analytics-with-t
he-Augmented-Dynamic-Adaptive-Model--ADAM-_files/figure-latex/ETSAAMExample-1.p
df>]
Underfull \vbox (badness 1803) has occurred while \output is active []

[97 <./Svetunkov--2023----Forecasting-and-Analytics-with-the-Augmented-Dynamic-
Adaptive-Model--ADAM-_files/Svetunkov--2023----Forecasting-and-Analytics-with-t
he-Augmented-Dynamic-Adaptive-Model--ADAM-_files/figure-latex/ETSAAMExampleFore
cast-1.pdf>] [98] [99] [100] [101] [102]
Chapter 5.

Underfull \vbox (badness 10000) has occurred while \output is active []

[103

] [104]
Underfull \vbox (badness 3758) has occurred while \output is active []

[105]
Underfull \vbox (badness 1789) has occurred while \output is active []

[106] [107] [108]
Underfull \vbox (badness 10000) has occurred while \output is active []

[109] [110]
Underfull \hbox (badness 1365) in paragraph at lines 3302--3305
[]\T1/lmr/m/n/10 (+20) Log-Normal: $[] \OMS/lmsy/m/n/10 ^^X []N []$\T1/lmr/m/n/
10 (+20) , im-ply-ing that $\OML/lmm/m/it/10 y[] \OT1/lmr/m/n/10 (+20) =
 []

[111]
<Svetunkov--2023----Forecasting-and-Analytics-with-the-Augmented-Dynamic-Adapti
ve-Model--ADAM-_files/Svetunkov--2023----Forecasting-and-Analytics-with-the-Aug
mented-Dynamic-Adaptive-Model--ADAM-_files/figure-latex/BJsalesDataPlot-1.pdf, 
id=2103, 436.63126pt x 248.93pt>
File: Svetunkov--2023----Forecasting-and-Analytics-with-the-Augmented-Dynamic-A
daptive-Model--ADAM-_files/Svetunkov--2023----Forecasting-and-Analytics-with-th
e-Augmented-Dynamic-Adaptive-Model--ADAM-_files/figure-latex/BJsalesDataPlot-1.
pdf Graphic file (type pdf)
<use Svetunkov--2023----Forecasting-and-Analytics-with-the-Augmented-Dynamic-Ad
aptive-Model--ADAM-_files/Svetunkov--2023----Forecasting-and-Analytics-with-the
-Augmented-Dynamic-Adaptive-Model--ADAM-_files/figure-latex/BJsalesDataPlot-1.p
df>
Package pdftex.def Info: Svetunkov--2023----Forecasting-and-Analytics-with-the-
Augmented-Dynamic-Adaptive-Model--ADAM-_files/Svetunkov--2023----Forecasting-an
d-Analytics-with-the-Augmented-Dynamic-Adaptive-Model--ADAM-_files/figure-latex
/BJsalesDataPlot-1.pdf  used on input line 3334.
(pdftex.def)             Requested size: 436.63019pt x 248.92938pt.
[112 <./Svetunkov--2023----Forecasting-and-Analytics-with-the-Augmented-Dynamic
-Adaptive-Model--ADAM-_files/Svetunkov--2023----Forecasting-and-Analytics-with-
the-Augmented-Dynamic-Adaptive-Model--ADAM-_files/figure-latex/BJsalesDataPlot-
1.pdf>]
<Svetunkov--2023----Forecasting-and-Analytics-with-the-Augmented-Dynamic-Adapti
ve-Model--ADAM-_files/Svetunkov--2023----Forecasting-and-Analytics-with-the-Aug
mented-Dynamic-Adaptive-Model--ADAM-_files/figure-latex/BJsalesAANForecast-1.pd
f, id=2120, 407.5225pt x 219.82124pt>
File: Svetunkov--2023----Forecasting-and-Analytics-with-the-Augmented-Dynamic-A
daptive-Model--ADAM-_files/Svetunkov--2023----Forecasting-and-Analytics-with-th
e-Augmented-Dynamic-Adaptive-Model--ADAM-_files/figure-latex/BJsalesAANForecast
-1.pdf Graphic file (type pdf)
<use Svetunkov--2023----Forecasting-and-Analytics-with-the-Augmented-Dynamic-Ad
aptive-Model--ADAM-_files/Svetunkov--2023----Forecasting-and-Analytics-with-the
-Augmented-Dynamic-Adaptive-Model--ADAM-_files/figure-latex/BJsalesAANForecast-
1.pdf>
Package pdftex.def Info: Svetunkov--2023----Forecasting-and-Analytics-with-the-
Augmented-Dynamic-Adaptive-Model--ADAM-_files/Svetunkov--2023----Forecasting-an
d-Analytics-with-the-Augmented-Dynamic-Adaptive-Model--ADAM-_files/figure-latex
/BJsalesAANForecast-1.pdf  used on input line 3403.
(pdftex.def)             Requested size: 407.5215pt x 219.8207pt.
[113]
<Svetunkov--2023----Forecasting-and-Analytics-with-the-Augmented-Dynamic-Adapti
ve-Model--ADAM-_files/Svetunkov--2023----Forecasting-and-Analytics-with-the-Aug
mented-Dynamic-Adaptive-Model--ADAM-_files/figure-latex/BJsalesAANForecastAdmis
sible-1.pdf, id=2128, 407.5225pt x 219.82124pt>
File: Svetunkov--2023----Forecasting-and-Analytics-with-the-Augmented-Dynamic-A
daptive-Model--ADAM-_files/Svetunkov--2023----Forecasting-and-Analytics-with-th
e-Augmented-Dynamic-Adaptive-Model--ADAM-_files/figure-latex/BJsalesAANForecast
Admissible-1.pdf Graphic file (type pdf)
<use Svetunkov--2023----Forecasting-and-Analytics-with-the-Augmented-Dynamic-Ad
aptive-Model--ADAM-_files/Svetunkov--2023----Forecasting-and-Analytics-with-the
-Augmented-Dynamic-Adaptive-Model--ADAM-_files/figure-latex/BJsalesAANForecastA
dmissible-1.pdf>
Package pdftex.def Info: Svetunkov--2023----Forecasting-and-Analytics-with-the-
Augmented-Dynamic-Adaptive-Model--ADAM-_files/Svetunkov--2023----Forecasting-an
d-Analytics-with-the-Augmented-Dynamic-Adaptive-Model--ADAM-_files/figure-latex
/BJsalesAANForecastAdmissible-1.pdf  used on input line 3446.
(pdftex.def)             Requested size: 407.5215pt x 219.8207pt.

Underfull \vbox (badness 1596) has occurred while \output is active []

[114 <./Svetunkov--2023----Forecasting-and-Analytics-with-the-Augmented-Dynamic
-Adaptive-Model--ADAM-_files/Svetunkov--2023----Forecasting-and-Analytics-with-
the-Augmented-Dynamic-Adaptive-Model--ADAM-_files/figure-latex/BJsalesAANForeca
st-1.pdf>]
Overfull \hbox (38.24889pt too wide) in paragraph at lines 3495--3495
[]\T1/lmtt/m/n/10 ## Distribution assumed in the model: Generalised Normal with
 shape=1.768[] 
 []

[115 <./Svetunkov--2023----Forecasting-and-Analytics-with-the-Augmented-Dynamic
-Adaptive-Model--ADAM-_files/Svetunkov--2023----Forecasting-and-Analytics-with-
the-Augmented-Dynamic-Adaptive-Model--ADAM-_files/figure-latex/BJsalesAANForeca
stAdmissible-1.pdf>]
<Svetunkov--2023----Forecasting-and-Analytics-with-the-Augmented-Dynamic-Adapti
ve-Model--ADAM-_files/Svetunkov--2023----Forecasting-and-Analytics-with-the-Aug
mented-Dynamic-Adaptive-Model--ADAM-_files/figure-latex/BJsalesAANForecastGN-1.
pdf, id=2153, 407.5225pt x 219.82124pt>
File: Svetunkov--2023----Forecasting-and-Analytics-with-the-Augmented-Dynamic-A
daptive-Model--ADAM-_files/Svetunkov--2023----Forecasting-and-Analytics-with-th
e-Augmented-Dynamic-Adaptive-Model--ADAM-_files/figure-latex/BJsalesAANForecast
GN-1.pdf Graphic file (type pdf)
<use Svetunkov--2023----Forecasting-and-Analytics-with-the-Augmented-Dynamic-Ad
aptive-Model--ADAM-_files/Svetunkov--2023----Forecasting-and-Analytics-with-the
-Augmented-Dynamic-Adaptive-Model--ADAM-_files/figure-latex/BJsalesAANForecastG
N-1.pdf>
Package pdftex.def Info: Svetunkov--2023----Forecasting-and-Analytics-with-the-
Augmented-Dynamic-Adaptive-Model--ADAM-_files/Svetunkov--2023----Forecasting-an
d-Analytics-with-the-Augmented-Dynamic-Adaptive-Model--ADAM-_files/figure-latex
/BJsalesAANForecastGN-1.pdf  used on input line 3508.
(pdftex.def)             Requested size: 407.5215pt x 219.8207pt.
<Svetunkov--2023----Forecasting-and-Analytics-with-the-Augmented-Dynamic-Adapti
ve-Model--ADAM-_files/Svetunkov--2023----Forecasting-and-Analytics-with-the-Aug
mented-Dynamic-Adaptive-Model--ADAM-_files/figure-latex/AirPassengersPlot-1.pdf
, id=2155, 436.63126pt x 248.93pt>
File: Svetunkov--2023----Forecasting-and-Analytics-with-the-Augmented-Dynamic-A
daptive-Model--ADAM-_files/Svetunkov--2023----Forecasting-and-Analytics-with-th
e-Augmented-Dynamic-Adaptive-Model--ADAM-_files/figure-latex/AirPassengersPlot-
1.pdf Graphic file (type pdf)
<use Svetunkov--2023----Forecasting-and-Analytics-with-the-Augmented-Dynamic-Ad
aptive-Model--ADAM-_files/Svetunkov--2023----Forecasting-and-Analytics-with-the
-Augmented-Dynamic-Adaptive-Model--ADAM-_files/figure-latex/AirPassengersPlot-1
.pdf>
Package pdftex.def Info: Svetunkov--2023----Forecasting-and-Analytics-with-the-
Augmented-Dynamic-Adaptive-Model--ADAM-_files/Svetunkov--2023----Forecasting-an
d-Analytics-with-the-Augmented-Dynamic-Adaptive-Model--ADAM-_files/figure-latex
/AirPassengersPlot-1.pdf  used on input line 3518.
(pdftex.def)             Requested size: 436.63019pt x 248.92938pt.
[116 <./Svetunkov--2023----Forecasting-and-Analytics-with-the-Augmented-Dynamic
-Adaptive-Model--ADAM-_files/Svetunkov--2023----Forecasting-and-Analytics-with-
the-Augmented-Dynamic-Adaptive-Model--ADAM-_files/figure-latex/BJsalesAANForeca
stGN-1.pdf>] [117 <./Svetunkov--2023----Forecasting-and-Analytics-with-the-Augm
ented-Dynamic-Adaptive-Model--ADAM-_files/Svetunkov--2023----Forecasting-and-An
alytics-with-the-Augmented-Dynamic-Adaptive-Model--ADAM-_files/figure-latex/Air
PassengersPlot-1.pdf>]
<Svetunkov--2023----Forecasting-and-Analytics-with-the-Augmented-Dynamic-Adapti
ve-Model--ADAM-_files/Svetunkov--2023----Forecasting-and-Analytics-with-the-Aug
mented-Dynamic-Adaptive-Model--ADAM-_files/figure-latex/AirPassengersAAAForecas
t-1.pdf, id=2183, 407.5225pt x 253.94875pt>
File: Svetunkov--2023----Forecasting-and-Analytics-with-the-Augmented-Dynamic-A
daptive-Model--ADAM-_files/Svetunkov--2023----Forecasting-and-Analytics-with-th
e-Augmented-Dynamic-Adaptive-Model--ADAM-_files/figure-latex/AirPassengersAAAFo
recast-1.pdf Graphic file (type pdf)
<use Svetunkov--2023----Forecasting-and-Analytics-with-the-Augmented-Dynamic-Ad
aptive-Model--ADAM-_files/Svetunkov--2023----Forecasting-and-Analytics-with-the
-Augmented-Dynamic-Adaptive-Model--ADAM-_files/figure-latex/AirPassengersAAAFor
ecast-1.pdf>
Package pdftex.def Info: Svetunkov--2023----Forecasting-and-Analytics-with-the-
Augmented-Dynamic-Adaptive-Model--ADAM-_files/Svetunkov--2023----Forecasting-an
d-Analytics-with-the-Augmented-Dynamic-Adaptive-Model--ADAM-_files/figure-latex
/AirPassengersAAAForecast-1.pdf  used on input line 3576.
(pdftex.def)             Requested size: 407.5215pt x 253.94812pt.
[118 <./Svetunkov--2023----Forecasting-and-Analytics-with-the-Augmented-Dynamic
-Adaptive-Model--ADAM-_files/Svetunkov--2023----Forecasting-and-Analytics-with-
the-Augmented-Dynamic-Adaptive-Model--ADAM-_files/figure-latex/AirPassengersAAA
Forecast-1.pdf>]
<Svetunkov--2023----Forecasting-and-Analytics-with-the-Augmented-Dynamic-Adapti
ve-Model--ADAM-_files/Svetunkov--2023----Forecasting-and-Analytics-with-the-Aug
mented-Dynamic-Adaptive-Model--ADAM-_files/figure-latex/AirPassengersAAADecompo
sition-1.pdf, id=2198, 441.65pt x 290.08376pt>
File: Svetunkov--2023----Forecasting-and-Analytics-with-the-Augmented-Dynamic-A
daptive-Model--ADAM-_files/Svetunkov--2023----Forecasting-and-Analytics-with-th
e-Augmented-Dynamic-Adaptive-Model--ADAM-_files/figure-latex/AirPassengersAAADe
composition-1.pdf Graphic file (type pdf)
<use Svetunkov--2023----Forecasting-and-Analytics-with-the-Augmented-Dynamic-Ad
aptive-Model--ADAM-_files/Svetunkov--2023----Forecasting-and-Analytics-with-the
-Augmented-Dynamic-Adaptive-Model--ADAM-_files/figure-latex/AirPassengersAAADec
omposition-1.pdf>
Package pdftex.def Info: Svetunkov--2023----Forecasting-and-Analytics-with-the-
Augmented-Dynamic-Adaptive-Model--ADAM-_files/Svetunkov--2023----Forecasting-an
d-Analytics-with-the-Augmented-Dynamic-Adaptive-Model--ADAM-_files/figure-latex
/AirPassengersAAADecomposition-1.pdf  used on input line 3592.
(pdftex.def)             Requested size: 441.64891pt x 290.08304pt.
[119 <./Svetunkov--2023----Forecasting-and-Analytics-with-the-Augmented-Dynamic
-Adaptive-Model--ADAM-_files/Svetunkov--2023----Forecasting-and-Analytics-with-
the-Augmented-Dynamic-Adaptive-Model--ADAM-_files/figure-latex/AirPassengersAAA
Decomposition-1.pdf>] [120

]
Chapter 6.

Underfull \vbox (badness 5460) has occurred while \output is active []

[121] [122]
Overfull \hbox (6.8875pt too wide) detected at line 3675
[][][][][]\OML/lmm/m/it/10 :
 []


Overfull \hbox (8.39742pt too wide) detected at line 3680
[][][]\OML/lmm/m/it/10 y[] \OT1/lmr/m/n/10 = [] [] \OML/lmm/m/it/10 ;
 []

[123]
Overfull \hbox (26.60606pt too wide) detected at line 3708
[][][][][]
 []

[124] [125] [126]
Overfull \hbox (13.92703pt too wide) has occurred while \output is active
\T1/lmr/m/sl/10 6.5.  DISTRIBUTIONAL ASSUMPTIONS IN PURE MULTIPLICATIVE ETS \T1
/lmr/m/n/10 127
 []

[127] [128]
<Svetunkov--2023----Forecasting-and-Analytics-with-the-Augmented-Dynamic-Adapti
ve-Model--ADAM-_files/Svetunkov--2023----Forecasting-and-Analytics-with-the-Aug
mented-Dynamic-Adaptive-Model--ADAM-_files/figure-latex/errorEffects-1.pdf, id=
2345, 436.63126pt x 248.93pt>
File: Svetunkov--2023----Forecasting-and-Analytics-with-the-Augmented-Dynamic-A
daptive-Model--ADAM-_files/Svetunkov--2023----Forecasting-and-Analytics-with-th
e-Augmented-Dynamic-Adaptive-Model--ADAM-_files/figure-latex/errorEffects-1.pdf
 Graphic file (type pdf)
<use Svetunkov--2023----Forecasting-and-Analytics-with-the-Augmented-Dynamic-Ad
aptive-Model--ADAM-_files/Svetunkov--2023----Forecasting-and-Analytics-with-the
-Augmented-Dynamic-Adaptive-Model--ADAM-_files/figure-latex/errorEffects-1.pdf>

Package pdftex.def Info: Svetunkov--2023----Forecasting-and-Analytics-with-the-
Augmented-Dynamic-Adaptive-Model--ADAM-_files/Svetunkov--2023----Forecasting-an
d-Analytics-with-the-Augmented-Dynamic-Adaptive-Model--ADAM-_files/figure-latex
/errorEffects-1.pdf  used on input line 3851.
(pdftex.def)             Requested size: 436.63019pt x 248.92938pt.
[129] [130 <./Svetunkov--2023----Forecasting-and-Analytics-with-the-Augmented-D
ynamic-Adaptive-Model--ADAM-_files/Svetunkov--2023----Forecasting-and-Analytics
-with-the-Augmented-Dynamic-Adaptive-Model--ADAM-_files/figure-latex/errorEffec
ts-1.pdf>]
<Svetunkov--2023----Forecasting-and-Analytics-with-the-Augmented-Dynamic-Adapti
ve-Model--ADAM-_files/Svetunkov--2023----Forecasting-and-Analytics-with-the-Aug
mented-Dynamic-Adaptive-Model--ADAM-_files/figure-latex/BJSalesadamETSMMN-1.pdf
, id=2369, 407.5225pt x 219.82124pt>
File: Svetunkov--2023----Forecasting-and-Analytics-with-the-Augmented-Dynamic-A
daptive-Model--ADAM-_files/Svetunkov--2023----Forecasting-and-Analytics-with-th
e-Augmented-Dynamic-Adaptive-Model--ADAM-_files/figure-latex/BJSalesadamETSMMN-
1.pdf Graphic file (type pdf)
<use Svetunkov--2023----Forecasting-and-Analytics-with-the-Augmented-Dynamic-Ad
aptive-Model--ADAM-_files/Svetunkov--2023----Forecasting-and-Analytics-with-the
-Augmented-Dynamic-Adaptive-Model--ADAM-_files/figure-latex/BJSalesadamETSMMN-1
.pdf>
Package pdftex.def Info: Svetunkov--2023----Forecasting-and-Analytics-with-the-
Augmented-Dynamic-Adaptive-Model--ADAM-_files/Svetunkov--2023----Forecasting-an
d-Analytics-with-the-Augmented-Dynamic-Adaptive-Model--ADAM-_files/figure-latex
/BJSalesadamETSMMN-1.pdf  used on input line 3934.
(pdftex.def)             Requested size: 407.5215pt x 219.8207pt.

Overfull \vbox (1.22234pt too high) detected at line 3946
 []

[131]
<Svetunkov--2023----Forecasting-and-Analytics-with-the-Augmented-Dynamic-Adapti
ve-Model--ADAM-_files/Svetunkov--2023----Forecasting-and-Analytics-with-the-Aug
mented-Dynamic-Adaptive-Model--ADAM-_files/figure-latex/BJSalesadamETSMMNForeca
st-1.pdf, id=2376, 407.5225pt x 253.94875pt>
File: Svetunkov--2023----Forecasting-and-Analytics-with-the-Augmented-Dynamic-A
daptive-Model--ADAM-_files/Svetunkov--2023----Forecasting-and-Analytics-with-th
e-Augmented-Dynamic-Adaptive-Model--ADAM-_files/figure-latex/BJSalesadamETSMMNF
orecast-1.pdf Graphic file (type pdf)
<use Svetunkov--2023----Forecasting-and-Analytics-with-the-Augmented-Dynamic-Ad
aptive-Model--ADAM-_files/Svetunkov--2023----Forecasting-and-Analytics-with-the
-Augmented-Dynamic-Adaptive-Model--ADAM-_files/figure-latex/BJSalesadamETSMMNFo
recast-1.pdf>
Package pdftex.def Info: Svetunkov--2023----Forecasting-and-Analytics-with-the-
Augmented-Dynamic-Adaptive-Model--ADAM-_files/Svetunkov--2023----Forecasting-an
d-Analytics-with-the-Augmented-Dynamic-Adaptive-Model--ADAM-_files/figure-latex
/BJSalesadamETSMMNForecast-1.pdf  used on input line 3950.
(pdftex.def)             Requested size: 407.5215pt x 253.94812pt.
[132 <./Svetunkov--2023----Forecasting-and-Analytics-with-the-Augmented-Dynamic
-Adaptive-Model--ADAM-_files/Svetunkov--2023----Forecasting-and-Analytics-with-
the-Augmented-Dynamic-Adaptive-Model--ADAM-_files/figure-latex/BJSalesadamETSMM
N-1.pdf>]
Underfull \vbox (badness 10000) has occurred while \output is active []

[133 <./Svetunkov--2023----Forecasting-and-Analytics-with-the-Augmented-Dynamic
-Adaptive-Model--ADAM-_files/Svetunkov--2023----Forecasting-and-Analytics-with-
the-Augmented-Dynamic-Adaptive-Model--ADAM-_files/figure-latex/BJSalesadamETSMM
NForecast-1.pdf>] [134]
Overfull \hbox (80.24876pt too wide) in paragraph at lines 4069--4069
[]\T1/lmtt/m/n/10 ## Warning: Your model has a potentially explosive multiplica
tive trend. I cannot[] 
 []

<Svetunkov--2023----Forecasting-and-Analytics-with-the-Augmented-Dynamic-Adapti
ve-Model--ADAM-_files/Svetunkov--2023----Forecasting-and-Analytics-with-the-Aug
mented-Dynamic-Adaptive-Model--ADAM-_files/figure-latex/AirPassengersMMMForecas
t-1.pdf, id=2412, 407.5225pt x 219.82124pt>
File: Svetunkov--2023----Forecasting-and-Analytics-with-the-Augmented-Dynamic-A
daptive-Model--ADAM-_files/Svetunkov--2023----Forecasting-and-Analytics-with-th
e-Augmented-Dynamic-Adaptive-Model--ADAM-_files/figure-latex/AirPassengersMMMFo
recast-1.pdf Graphic file (type pdf)
<use Svetunkov--2023----Forecasting-and-Analytics-with-the-Augmented-Dynamic-Ad
aptive-Model--ADAM-_files/Svetunkov--2023----Forecasting-and-Analytics-with-the
-Augmented-Dynamic-Adaptive-Model--ADAM-_files/figure-latex/AirPassengersMMMFor
ecast-1.pdf>
Package pdftex.def Info: Svetunkov--2023----Forecasting-and-Analytics-with-the-
Augmented-Dynamic-Adaptive-Model--ADAM-_files/Svetunkov--2023----Forecasting-an
d-Analytics-with-the-Augmented-Dynamic-Adaptive-Model--ADAM-_files/figure-latex
/AirPassengersMMMForecast-1.pdf  used on input line 4079.
(pdftex.def)             Requested size: 407.5215pt x 219.8207pt.

Overfull \hbox (74.99878pt too wide) in paragraph at lines 4100--4100
[]\T1/lmtt/m/n/10 ##           ME          MAE          MSE          MPE       
  MAPE          sCE[] 
 []


Overfull \hbox (74.99878pt too wide) in paragraph at lines 4100--4100
[]\T1/lmtt/m/n/10 ## -25.29641012  25.29641012 873.19440441  -0.05280830   0.05
280830  -1.15644069[] 
 []


Overfull \hbox (74.99878pt too wide) in paragraph at lines 4100--4100
[]\T1/lmtt/m/n/10 ##         sMAE         sMSE         MASE        RMSSE       
  SAME         rMAE[] 
 []


Overfull \hbox (74.99878pt too wide) in paragraph at lines 4100--4100
[]\T1/lmtt/m/n/10 ##   0.09637006   0.01267294   1.05034223   0.94311699   1.05
034223   0.33284750[] 
 []


Overfull \hbox (32.9989pt too wide) in paragraph at lines 4121--4121
[]\T1/lmtt/m/n/10 ##            ME           MAE           MSE           MPE   
       MAPE[] 
 []

[135 <./Svetunkov--2023----Forecasting-and-Analytics-with-the-Augmented-Dynamic
-Adaptive-Model--ADAM-_files/Svetunkov--2023----Forecasting-and-Analytics-with-
the-Augmented-Dynamic-Adaptive-Model--ADAM-_files/figure-latex/AirPassengersMMM
Forecast-1.pdf>]
Overfull \hbox (32.9989pt too wide) in paragraph at lines 4121--4121
[]\T1/lmtt/m/n/10 ##   3.837510534  13.028394826 283.477244757   0.004976399   
0.027236387[] 
 []


Overfull \hbox (32.9989pt too wide) in paragraph at lines 4121--4121
[]\T1/lmtt/m/n/10 ##           sCE          sMAE          sMSE          MASE   
      RMSSE[] 
 []


Overfull \hbox (32.9989pt too wide) in paragraph at lines 4121--4121
[]\T1/lmtt/m/n/10 ##   0.175434116   0.049633413   0.004114193   0.540957123   
0.537364781[] 
 []


Overfull \hbox (32.9989pt too wide) in paragraph at lines 4121--4121
[]\T1/lmtt/m/n/10 ##          SAME          rMAE         rRMSE          rAME   
  asymmetry[] 
 []


Overfull \hbox (32.9989pt too wide) in paragraph at lines 4121--4121
[]\T1/lmtt/m/n/10 ##   0.159338789   0.171426248   0.163501157   0.053922865   
0.415415558[] 
 []

<Svetunkov--2023----Forecasting-and-Analytics-with-the-Augmented-Dynamic-Adapti
ve-Model--ADAM-_files/Svetunkov--2023----Forecasting-and-Analytics-with-the-Aug
mented-Dynamic-Adaptive-Model--ADAM-_files/figure-latex/AirPassengersMMMDecompo
sition-1.pdf, id=2426, 441.65pt x 290.08376pt>
File: Svetunkov--2023----Forecasting-and-Analytics-with-the-Augmented-Dynamic-A
daptive-Model--ADAM-_files/Svetunkov--2023----Forecasting-and-Analytics-with-th
e-Augmented-Dynamic-Adaptive-Model--ADAM-_files/figure-latex/AirPassengersMMMDe
composition-1.pdf Graphic file (type pdf)
<use Svetunkov--2023----Forecasting-and-Analytics-with-the-Augmented-Dynamic-Ad
aptive-Model--ADAM-_files/Svetunkov--2023----Forecasting-and-Analytics-with-the
-Augmented-Dynamic-Adaptive-Model--ADAM-_files/figure-latex/AirPassengersMMMDec
omposition-1.pdf>
Package pdftex.def Info: Svetunkov--2023----Forecasting-and-Analytics-with-the-
Augmented-Dynamic-Adaptive-Model--ADAM-_files/Svetunkov--2023----Forecasting-an
d-Analytics-with-the-Augmented-Dynamic-Adaptive-Model--ADAM-_files/figure-latex
/AirPassengersMMMDecomposition-1.pdf  used on input line 4135.
(pdftex.def)             Requested size: 441.64891pt x 290.08304pt.
<Svetunkov--2023----Forecasting-and-Analytics-with-the-Augmented-Dynamic-Adapti
ve-Model--ADAM-_files/Svetunkov--2023----Forecasting-and-Analytics-with-the-Aug
mented-Dynamic-Adaptive-Model--ADAM-_files/figure-latex/AirPassengersMMMACFPACF
-1.pdf, id=2429, 453.695pt x 314.17375pt>
File: Svetunkov--2023----Forecasting-and-Analytics-with-the-Augmented-Dynamic-A
daptive-Model--ADAM-_files/Svetunkov--2023----Forecasting-and-Analytics-with-th
e-Augmented-Dynamic-Adaptive-Model--ADAM-_files/figure-latex/AirPassengersMMMAC
FPACF-1.pdf Graphic file (type pdf)
<use Svetunkov--2023----Forecasting-and-Analytics-with-the-Augmented-Dynamic-Ad
aptive-Model--ADAM-_files/Svetunkov--2023----Forecasting-and-Analytics-with-the
-Augmented-Dynamic-Adaptive-Model--ADAM-_files/figure-latex/AirPassengersMMMACF
PACF-1.pdf>
Package pdftex.def Info: Svetunkov--2023----Forecasting-and-Analytics-with-the-
Augmented-Dynamic-Adaptive-Model--ADAM-_files/Svetunkov--2023----Forecasting-an
d-Analytics-with-the-Augmented-Dynamic-Adaptive-Model--ADAM-_files/figure-latex
/AirPassengersMMMACFPACF-1.pdf  used on input line 4150.
(pdftex.def)             Requested size: 453.6939pt x 314.17297pt.
[136 <./Svetunkov--2023----Forecasting-and-Analytics-with-the-Augmented-Dynamic
-Adaptive-Model--ADAM-_files/Svetunkov--2023----Forecasting-and-Analytics-with-
the-Augmented-Dynamic-Adaptive-Model--ADAM-_files/figure-latex/AirPassengersMMM
Decomposition-1.pdf>] [137 <./Svetunkov--2023----Forecasting-and-Analytics-with
-the-Augmented-Dynamic-Adaptive-Model--ADAM-_files/Svetunkov--2023----Forecasti
ng-and-Analytics-with-the-Augmented-Dynamic-Adaptive-Model--ADAM-_files/figure-
latex/AirPassengersMMMACFPACF-1.pdf>] [138

]
Chapter 7.
[139] [140] [141] [142]
<Svetunkov--2023----Forecasting-and-Analytics-with-the-Augmented-Dynamic-Adapti
ve-Model--ADAM-_files/Svetunkov--2023----Forecasting-and-Analytics-with-the-Aug
mented-Dynamic-Adaptive-Model--ADAM-_files/figure-latex/plotsOfExponent-1.pdf, 
id=2526, 439.6425pt x 252.945pt>
File: Svetunkov--2023----Forecasting-and-Analytics-with-the-Augmented-Dynamic-A
daptive-Model--ADAM-_files/Svetunkov--2023----Forecasting-and-Analytics-with-th
e-Augmented-Dynamic-Adaptive-Model--ADAM-_files/figure-latex/plotsOfExponent-1.
pdf Graphic file (type pdf)
<use Svetunkov--2023----Forecasting-and-Analytics-with-the-Augmented-Dynamic-Ad
aptive-Model--ADAM-_files/Svetunkov--2023----Forecasting-and-Analytics-with-the
-Augmented-Dynamic-Adaptive-Model--ADAM-_files/figure-latex/plotsOfExponent-1.p
df>
Package pdftex.def Info: Svetunkov--2023----Forecasting-and-Analytics-with-the-
Augmented-Dynamic-Adaptive-Model--ADAM-_files/Svetunkov--2023----Forecasting-an
d-Analytics-with-the-Augmented-Dynamic-Adaptive-Model--ADAM-_files/figure-latex
/plotsOfExponent-1.pdf  used on input line 4296.
(pdftex.def)             Requested size: 439.64142pt x 252.94438pt.
[143] [144 <./Svetunkov--2023----Forecasting-and-Analytics-with-the-Augmented-D
ynamic-Adaptive-Model--ADAM-_files/Svetunkov--2023----Forecasting-and-Analytics
-with-the-Augmented-Dynamic-Adaptive-Model--ADAM-_files/figure-latex/plotsOfExp
onent-1.pdf>]
Overfull \hbox (9.36887pt too wide) in paragraph at lines 4370--4371
[]\T1/lmr/m/n/10 (-20) Note that we do not con-sider the sit-u-a-tion $\OML/lmm
/m/it/10 s[] \OT1/lmr/m/n/10 (-20) + [] + \OML/lmm/m/it/10 s[] \OT1/lmr/m/n/10 
(-20) = \OMS/lmsy/m/n/10 ^^@\OML/lmm/m/it/10 ^^M []$
 []

[145] [146]
Chapter 8.
[147

] [148]
Underfull \vbox (badness 1521) has occurred while \output is active []

[149]
<Svetunkov--2023----Forecasting-and-Analytics-with-the-Augmented-Dynamic-Adapti
ve-Model--ADAM-_files/Svetunkov--2023----Forecasting-and-Analytics-with-the-Aug
mented-Dynamic-Adaptive-Model--ADAM-_files/figure-latex/AR1Trajectory-1.pdf, id
=2608, 436.63126pt x 250.9375pt>
File: Svetunkov--2023----Forecasting-and-Analytics-with-the-Augmented-Dynamic-A
daptive-Model--ADAM-_files/Svetunkov--2023----Forecasting-and-Analytics-with-th
e-Augmented-Dynamic-Adaptive-Model--ADAM-_files/figure-latex/AR1Trajectory-1.pd
f Graphic file (type pdf)
<use Svetunkov--2023----Forecasting-and-Analytics-with-the-Augmented-Dynamic-Ad
aptive-Model--ADAM-_files/Svetunkov--2023----Forecasting-and-Analytics-with-the
-Augmented-Dynamic-Adaptive-Model--ADAM-_files/figure-latex/AR1Trajectory-1.pdf
>
Package pdftex.def Info: Svetunkov--2023----Forecasting-and-Analytics-with-the-
Augmented-Dynamic-Adaptive-Model--ADAM-_files/Svetunkov--2023----Forecasting-an
d-Analytics-with-the-Augmented-Dynamic-Adaptive-Model--ADAM-_files/figure-latex
/AR1Trajectory-1.pdf  used on input line 4471.
(pdftex.def)             Requested size: 436.63019pt x 250.93687pt.
[150 <./Svetunkov--2023----Forecasting-and-Analytics-with-the-Augmented-Dynamic
-Adaptive-Model--ADAM-_files/Svetunkov--2023----Forecasting-and-Analytics-with-
the-Augmented-Dynamic-Adaptive-Model--ADAM-_files/figure-latex/AR1Trajectory-1.
pdf>]
<Svetunkov--2023----Forecasting-and-Analytics-with-the-Augmented-Dynamic-Adapti
ve-Model--ADAM-_files/Svetunkov--2023----Forecasting-and-Analytics-with-the-Aug
mented-Dynamic-Adaptive-Model--ADAM-_files/figure-latex/AR3Trajectory-1.pdf, id
=2624, 436.63126pt x 250.9375pt>
File: Svetunkov--2023----Forecasting-and-Analytics-with-the-Augmented-Dynamic-A
daptive-Model--ADAM-_files/Svetunkov--2023----Forecasting-and-Analytics-with-th
e-Augmented-Dynamic-Adaptive-Model--ADAM-_files/figure-latex/AR3Trajectory-1.pd
f Graphic file (type pdf)
<use Svetunkov--2023----Forecasting-and-Analytics-with-the-Augmented-Dynamic-Ad
aptive-Model--ADAM-_files/Svetunkov--2023----Forecasting-and-Analytics-with-the
-Augmented-Dynamic-Adaptive-Model--ADAM-_files/figure-latex/AR3Trajectory-1.pdf
>
Package pdftex.def Info: Svetunkov--2023----Forecasting-and-Analytics-with-the-
Augmented-Dynamic-Adaptive-Model--ADAM-_files/Svetunkov--2023----Forecasting-an
d-Analytics-with-the-Augmented-Dynamic-Adaptive-Model--ADAM-_files/figure-latex
/AR3Trajectory-1.pdf  used on input line 4498.
(pdftex.def)             Requested size: 436.63019pt x 250.93687pt.
<Svetunkov--2023----Forecasting-and-Analytics-with-the-Augmented-Dynamic-Adapti
ve-Model--ADAM-_files/Svetunkov--2023----Forecasting-and-Analytics-with-the-Aug
mented-Dynamic-Adaptive-Model--ADAM-_files/figure-latex/ARExample-1.pdf, id=262
6, 299.1175pt x 188.705pt>
File: Svetunkov--2023----Forecasting-and-Analytics-with-the-Augmented-Dynamic-A
daptive-Model--ADAM-_files/Svetunkov--2023----Forecasting-and-Analytics-with-th
e-Augmented-Dynamic-Adaptive-Model--ADAM-_files/figure-latex/ARExample-1.pdf Gr
aphic file (type pdf)
<use Svetunkov--2023----Forecasting-and-Analytics-with-the-Augmented-Dynamic-Ad
aptive-Model--ADAM-_files/Svetunkov--2023----Forecasting-and-Analytics-with-the
-Augmented-Dynamic-Adaptive-Model--ADAM-_files/figure-latex/ARExample-1.pdf>
Package pdftex.def Info: Svetunkov--2023----Forecasting-and-Analytics-with-the-
Augmented-Dynamic-Adaptive-Model--ADAM-_files/Svetunkov--2023----Forecasting-an
d-Analytics-with-the-Augmented-Dynamic-Adaptive-Model--ADAM-_files/figure-latex
/ARExample-1.pdf  used on input line 4508.
(pdftex.def)             Requested size: 299.11676pt x 188.70453pt.
[151 <./Svetunkov--2023----Forecasting-and-Analytics-with-the-Augmented-Dynamic
-Adaptive-Model--ADAM-_files/Svetunkov--2023----Forecasting-and-Analytics-with-
the-Augmented-Dynamic-Adaptive-Model--ADAM-_files/figure-latex/AR3Trajectory-1.
pdf>] [152 <./Svetunkov--2023----Forecasting-and-Analytics-with-the-Augmented-D
ynamic-Adaptive-Model--ADAM-_files/Svetunkov--2023----Forecasting-and-Analytics
-with-the-Augmented-Dynamic-Adaptive-Model--ADAM-_files/figure-latex/ARExample-
1.pdf>]
<Svetunkov--2023----Forecasting-and-Analytics-with-the-Augmented-Dynamic-Adapti
ve-Model--ADAM-_files/Svetunkov--2023----Forecasting-and-Analytics-with-the-Aug
mented-Dynamic-Adaptive-Model--ADAM-_files/figure-latex/MAExample-1.pdf, id=266
2, 299.1175pt x 183.68625pt>
File: Svetunkov--2023----Forecasting-and-Analytics-with-the-Augmented-Dynamic-A
daptive-Model--ADAM-_files/Svetunkov--2023----Forecasting-and-Analytics-with-th
e-Augmented-Dynamic-Adaptive-Model--ADAM-_files/figure-latex/MAExample-1.pdf Gr
aphic file (type pdf)
<use Svetunkov--2023----Forecasting-and-Analytics-with-the-Augmented-Dynamic-Ad
aptive-Model--ADAM-_files/Svetunkov--2023----Forecasting-and-Analytics-with-the
-Augmented-Dynamic-Adaptive-Model--ADAM-_files/figure-latex/MAExample-1.pdf>
Package pdftex.def Info: Svetunkov--2023----Forecasting-and-Analytics-with-the-
Augmented-Dynamic-Adaptive-Model--ADAM-_files/Svetunkov--2023----Forecasting-an
d-Analytics-with-the-Augmented-Dynamic-Adaptive-Model--ADAM-_files/figure-latex
/MAExample-1.pdf  used on input line 4544.
(pdftex.def)             Requested size: 299.11676pt x 183.68578pt.
[153 <./Svetunkov--2023----Forecasting-and-Analytics-with-the-Augmented-Dynamic
-Adaptive-Model--ADAM-_files/Svetunkov--2023----Forecasting-and-Analytics-with-
the-Augmented-Dynamic-Adaptive-Model--ADAM-_files/figure-latex/MAExample-1.pdf>
]
<Svetunkov--2023----Forecasting-and-Analytics-with-the-Augmented-Dynamic-Adapti
ve-Model--ADAM-_files/Svetunkov--2023----Forecasting-and-Analytics-with-the-Aug
mented-Dynamic-Adaptive-Model--ADAM-_files/figure-latex/ARMAExample-1.pdf, id=2
691, 299.1175pt x 183.68625pt>
File: Svetunkov--2023----Forecasting-and-Analytics-with-the-Augmented-Dynamic-A
daptive-Model--ADAM-_files/Svetunkov--2023----Forecasting-and-Analytics-with-th
e-Augmented-Dynamic-Adaptive-Model--ADAM-_files/figure-latex/ARMAExample-1.pdf 
Graphic file (type pdf)
<use Svetunkov--2023----Forecasting-and-Analytics-with-the-Augmented-Dynamic-Ad
aptive-Model--ADAM-_files/Svetunkov--2023----Forecasting-and-Analytics-with-the
-Augmented-Dynamic-Adaptive-Model--ADAM-_files/figure-latex/ARMAExample-1.pdf>
Package pdftex.def Info: Svetunkov--2023----Forecasting-and-Analytics-with-the-
Augmented-Dynamic-Adaptive-Model--ADAM-_files/Svetunkov--2023----Forecasting-an
d-Analytics-with-the-Augmented-Dynamic-Adaptive-Model--ADAM-_files/figure-latex
/ARMAExample-1.pdf  used on input line 4593.
(pdftex.def)             Requested size: 299.11676pt x 183.68578pt.
[154] [155 <./Svetunkov--2023----Forecasting-and-Analytics-with-the-Augmented-D
ynamic-Adaptive-Model--ADAM-_files/Svetunkov--2023----Forecasting-and-Analytics
-with-the-Augmented-Dynamic-Adaptive-Model--ADAM-_files/figure-latex/ARMAExampl
e-1.pdf>]
<Svetunkov--2023----Forecasting-and-Analytics-with-the-Augmented-Dynamic-Adapti
ve-Model--ADAM-_files/Svetunkov--2023----Forecasting-and-Analytics-with-the-Aug
mented-Dynamic-Adaptive-Model--ADAM-_files/figure-latex/ARMAConstantTrajectory-
1.pdf, id=2723, 436.63126pt x 248.93pt>
File: Svetunkov--2023----Forecasting-and-Analytics-with-the-Augmented-Dynamic-A
daptive-Model--ADAM-_files/Svetunkov--2023----Forecasting-and-Analytics-with-th
e-Augmented-Dynamic-Adaptive-Model--ADAM-_files/figure-latex/ARMAConstantTrajec
tory-1.pdf Graphic file (type pdf)
<use Svetunkov--2023----Forecasting-and-Analytics-with-the-Augmented-Dynamic-Ad
aptive-Model--ADAM-_files/Svetunkov--2023----Forecasting-and-Analytics-with-the
-Augmented-Dynamic-Adaptive-Model--ADAM-_files/figure-latex/ARMAConstantTraject
ory-1.pdf>
Package pdftex.def Info: Svetunkov--2023----Forecasting-and-Analytics-with-the-
Augmented-Dynamic-Adaptive-Model--ADAM-_files/Svetunkov--2023----Forecasting-an
d-Analytics-with-the-Augmented-Dynamic-Adaptive-Model--ADAM-_files/figure-latex
/ARMAConstantTrajectory-1.pdf  used on input line 4647.
(pdftex.def)             Requested size: 436.63019pt x 248.92938pt.
<Svetunkov--2023----Forecasting-and-Analytics-with-the-Augmented-Dynamic-Adapti
ve-Model--ADAM-_files/Svetunkov--2023----Forecasting-and-Analytics-with-the-Aug
mented-Dynamic-Adaptive-Model--ADAM-_files/figure-latex/ARMAConstExample-1.pdf,
 id=2725, 330.23375pt x 219.82124pt>
File: Svetunkov--2023----Forecasting-and-Analytics-with-the-Augmented-Dynamic-A
daptive-Model--ADAM-_files/Svetunkov--2023----Forecasting-and-Analytics-with-th
e-Augmented-Dynamic-Adaptive-Model--ADAM-_files/figure-latex/ARMAConstExample-1
.pdf Graphic file (type pdf)
<use Svetunkov--2023----Forecasting-and-Analytics-with-the-Augmented-Dynamic-Ad
aptive-Model--ADAM-_files/Svetunkov--2023----Forecasting-and-Analytics-with-the
-Augmented-Dynamic-Adaptive-Model--ADAM-_files/figure-latex/ARMAConstExample-1.
pdf>
Package pdftex.def Info: Svetunkov--2023----Forecasting-and-Analytics-with-the-
Augmented-Dynamic-Adaptive-Model--ADAM-_files/Svetunkov--2023----Forecasting-an
d-Analytics-with-the-Augmented-Dynamic-Adaptive-Model--ADAM-_files/figure-latex
/ARMAConstExample-1.pdf  used on input line 4657.
(pdftex.def)             Requested size: 330.23293pt x 219.8207pt.
[156 <./Svetunkov--2023----Forecasting-and-Analytics-with-the-Augmented-Dynamic
-Adaptive-Model--ADAM-_files/Svetunkov--2023----Forecasting-and-Analytics-with-
the-Augmented-Dynamic-Adaptive-Model--ADAM-_files/figure-latex/ARMAConstantTraj
ectory-1.pdf>]
<Svetunkov--2023----Forecasting-and-Analytics-with-the-Augmented-Dynamic-Adapti
ve-Model--ADAM-_files/Svetunkov--2023----Forecasting-and-Analytics-with-the-Aug
mented-Dynamic-Adaptive-Model--ADAM-_files/figure-latex/naiveExample2-1.pdf, id
=2745, 299.1175pt x 183.68625pt>
File: Svetunkov--2023----Forecasting-and-Analytics-with-the-Augmented-Dynamic-A
daptive-Model--ADAM-_files/Svetunkov--2023----Forecasting-and-Analytics-with-th
e-Augmented-Dynamic-Adaptive-Model--ADAM-_files/figure-latex/naiveExample2-1.pd
f Graphic file (type pdf)
<use Svetunkov--2023----Forecasting-and-Analytics-with-the-Augmented-Dynamic-Ad
aptive-Model--ADAM-_files/Svetunkov--2023----Forecasting-and-Analytics-with-the
-Augmented-Dynamic-Adaptive-Model--ADAM-_files/figure-latex/naiveExample2-1.pdf
>
Package pdftex.def Info: Svetunkov--2023----Forecasting-and-Analytics-with-the-
Augmented-Dynamic-Adaptive-Model--ADAM-_files/Svetunkov--2023----Forecasting-an
d-Analytics-with-the-Augmented-Dynamic-Adaptive-Model--ADAM-_files/figure-latex
/naiveExample2-1.pdf  used on input line 4689.
(pdftex.def)             Requested size: 299.11676pt x 183.68578pt.
[157 <./Svetunkov--2023----Forecasting-and-Analytics-with-the-Augmented-Dynamic
-Adaptive-Model--ADAM-_files/Svetunkov--2023----Forecasting-and-Analytics-with-
the-Augmented-Dynamic-Adaptive-Model--ADAM-_files/figure-latex/ARMAConstExample
-1.pdf>]
<Svetunkov--2023----Forecasting-and-Analytics-with-the-Augmented-Dynamic-Adapti
ve-Model--ADAM-_files/Svetunkov--2023----Forecasting-and-Analytics-with-the-Aug
mented-Dynamic-Adaptive-Model--ADAM-_files/figure-latex/RWDriftExample2-1.pdf, 
id=2768, 299.1175pt x 183.68625pt>
File: Svetunkov--2023----Forecasting-and-Analytics-with-the-Augmented-Dynamic-A
daptive-Model--ADAM-_files/Svetunkov--2023----Forecasting-and-Analytics-with-th
e-Augmented-Dynamic-Adaptive-Model--ADAM-_files/figure-latex/RWDriftExample2-1.
pdf Graphic file (type pdf)
<use Svetunkov--2023----Forecasting-and-Analytics-with-the-Augmented-Dynamic-Ad
aptive-Model--ADAM-_files/Svetunkov--2023----Forecasting-and-Analytics-with-the
-Augmented-Dynamic-Adaptive-Model--ADAM-_files/figure-latex/RWDriftExample2-1.p
df>
Package pdftex.def Info: Svetunkov--2023----Forecasting-and-Analytics-with-the-
Augmented-Dynamic-Adaptive-Model--ADAM-_files/Svetunkov--2023----Forecasting-an
d-Analytics-with-the-Augmented-Dynamic-Adaptive-Model--ADAM-_files/figure-latex
/RWDriftExample2-1.pdf  used on input line 4721.
(pdftex.def)             Requested size: 299.11676pt x 183.68578pt.
[158 <./Svetunkov--2023----Forecasting-and-Analytics-with-the-Augmented-Dynamic
-Adaptive-Model--ADAM-_files/Svetunkov--2023----Forecasting-and-Analytics-with-
the-Augmented-Dynamic-Adaptive-Model--ADAM-_files/figure-latex/naiveExample2-1.
pdf>] [159 <./Svetunkov--2023----Forecasting-and-Analytics-with-the-Augmented-D
ynamic-Adaptive-Model--ADAM-_files/Svetunkov--2023----Forecasting-and-Analytics
-with-the-Augmented-Dynamic-Adaptive-Model--ADAM-_files/figure-latex/RWDriftExa
mple2-1.pdf>]
<Svetunkov--2023----Forecasting-and-Analytics-with-the-Augmented-Dynamic-Adapti
ve-Model--ADAM-_files/Svetunkov--2023----Forecasting-and-Analytics-with-the-Aug
mented-Dynamic-Adaptive-Model--ADAM-_files/figure-latex/ARIMA112Example-1.pdf, 
id=2812, 299.1175pt x 183.68625pt>
File: Svetunkov--2023----Forecasting-and-Analytics-with-the-Augmented-Dynamic-A
daptive-Model--ADAM-_files/Svetunkov--2023----Forecasting-and-Analytics-with-th
e-Augmented-Dynamic-Adaptive-Model--ADAM-_files/figure-latex/ARIMA112Example-1.
pdf Graphic file (type pdf)
<use Svetunkov--2023----Forecasting-and-Analytics-with-the-Augmented-Dynamic-Ad
aptive-Model--ADAM-_files/Svetunkov--2023----Forecasting-and-Analytics-with-the
-Augmented-Dynamic-Adaptive-Model--ADAM-_files/figure-latex/ARIMA112Example-1.p
df>
Package pdftex.def Info: Svetunkov--2023----Forecasting-and-Analytics-with-the-
Augmented-Dynamic-Adaptive-Model--ADAM-_files/Svetunkov--2023----Forecasting-an
d-Analytics-with-the-Augmented-Dynamic-Adaptive-Model--ADAM-_files/figure-latex
/ARIMA112Example-1.pdf  used on input line 4766.
(pdftex.def)             Requested size: 299.11676pt x 183.68578pt.
[160 <./Svetunkov--2023----Forecasting-and-Analytics-with-the-Augmented-Dynamic
-Adaptive-Model--ADAM-_files/Svetunkov--2023----Forecasting-and-Analytics-with-
the-Augmented-Dynamic-Adaptive-Model--ADAM-_files/figure-latex/ARIMA112Example-
1.pdf>] [161] [162] [163]
<Svetunkov--2023----Forecasting-and-Analytics-with-the-Augmented-Dynamic-Adapti
ve-Model--ADAM-_files/Svetunkov--2023----Forecasting-and-Analytics-with-the-Aug
mented-Dynamic-Adaptive-Model--ADAM-_files/figure-latex/SARIMATrajectory-1.pdf,
 id=2888, 436.63126pt x 255.95625pt>
File: Svetunkov--2023----Forecasting-and-Analytics-with-the-Augmented-Dynamic-A
daptive-Model--ADAM-_files/Svetunkov--2023----Forecasting-and-Analytics-with-th
e-Augmented-Dynamic-Adaptive-Model--ADAM-_files/figure-latex/SARIMATrajectory-1
.pdf Graphic file (type pdf)
<use Svetunkov--2023----Forecasting-and-Analytics-with-the-Augmented-Dynamic-Ad
aptive-Model--ADAM-_files/Svetunkov--2023----Forecasting-and-Analytics-with-the
-Augmented-Dynamic-Adaptive-Model--ADAM-_files/figure-latex/SARIMATrajectory-1.
pdf>
Package pdftex.def Info: Svetunkov--2023----Forecasting-and-Analytics-with-the-
Augmented-Dynamic-Adaptive-Model--ADAM-_files/Svetunkov--2023----Forecasting-an
d-Analytics-with-the-Augmented-Dynamic-Adaptive-Model--ADAM-_files/figure-latex
/SARIMATrajectory-1.pdf  used on input line 4936.
(pdftex.def)             Requested size: 436.63019pt x 255.95561pt.
[164]
<Svetunkov--2023----Forecasting-and-Analytics-with-the-Augmented-Dynamic-Adapti
ve-Model--ADAM-_files/Svetunkov--2023----Forecasting-and-Analytics-with-the-Aug
mented-Dynamic-Adaptive-Model--ADAM-_files/figure-latex/SARIMAConstantTrajector
y-1.pdf, id=2899, 436.63126pt x 250.9375pt>
File: Svetunkov--2023----Forecasting-and-Analytics-with-the-Augmented-Dynamic-A
daptive-Model--ADAM-_files/Svetunkov--2023----Forecasting-and-Analytics-with-th
e-Augmented-Dynamic-Adaptive-Model--ADAM-_files/figure-latex/SARIMAConstantTraj
ectory-1.pdf Graphic file (type pdf)
<use Svetunkov--2023----Forecasting-and-Analytics-with-the-Augmented-Dynamic-Ad
aptive-Model--ADAM-_files/Svetunkov--2023----Forecasting-and-Analytics-with-the
-Augmented-Dynamic-Adaptive-Model--ADAM-_files/figure-latex/SARIMAConstantTraje
ctory-1.pdf>
Package pdftex.def Info: Svetunkov--2023----Forecasting-and-Analytics-with-the-
Augmented-Dynamic-Adaptive-Model--ADAM-_files/Svetunkov--2023----Forecasting-an
d-Analytics-with-the-Augmented-Dynamic-Adaptive-Model--ADAM-_files/figure-latex
/SARIMAConstantTrajectory-1.pdf  used on input line 4961.
(pdftex.def)             Requested size: 436.63019pt x 250.93687pt.
[165 <./Svetunkov--2023----Forecasting-and-Analytics-with-the-Augmented-Dynamic
-Adaptive-Model--ADAM-_files/Svetunkov--2023----Forecasting-and-Analytics-with-
the-Augmented-Dynamic-Adaptive-Model--ADAM-_files/figure-latex/SARIMATrajectory
-1.pdf>]
<Svetunkov--2023----Forecasting-and-Analytics-with-the-Augmented-Dynamic-Adapti
ve-Model--ADAM-_files/Svetunkov--2023----Forecasting-and-Analytics-with-the-Aug
mented-Dynamic-Adaptive-Model--ADAM-_files/figure-latex/SARIMADiffConstantTraje
ctory-1.pdf, id=2915, 436.63126pt x 248.93pt>
File: Svetunkov--2023----Forecasting-and-Analytics-with-the-Augmented-Dynamic-A
daptive-Model--ADAM-_files/Svetunkov--2023----Forecasting-and-Analytics-with-th
e-Augmented-Dynamic-Adaptive-Model--ADAM-_files/figure-latex/SARIMADiffConstant
Trajectory-1.pdf Graphic file (type pdf)
<use Svetunkov--2023----Forecasting-and-Analytics-with-the-Augmented-Dynamic-Ad
aptive-Model--ADAM-_files/Svetunkov--2023----Forecasting-and-Analytics-with-the
-Augmented-Dynamic-Adaptive-Model--ADAM-_files/figure-latex/SARIMADiffConstantT
rajectory-1.pdf>
Package pdftex.def Info: Svetunkov--2023----Forecasting-and-Analytics-with-the-
Augmented-Dynamic-Adaptive-Model--ADAM-_files/Svetunkov--2023----Forecasting-an
d-Analytics-with-the-Augmented-Dynamic-Adaptive-Model--ADAM-_files/figure-latex
/SARIMADiffConstantTrajectory-1.pdf  used on input line 4993.
(pdftex.def)             Requested size: 436.63019pt x 248.92938pt.
[166 <./Svetunkov--2023----Forecasting-and-Analytics-with-the-Augmented-Dynamic
-Adaptive-Model--ADAM-_files/Svetunkov--2023----Forecasting-and-Analytics-with-
the-Augmented-Dynamic-Adaptive-Model--ADAM-_files/figure-latex/SARIMAConstantTr
ajectory-1.pdf>]
Underfull \vbox (badness 2913) has occurred while \output is active []

[167 <./Svetunkov--2023----Forecasting-and-Analytics-with-the-Augmented-Dynamic
-Adaptive-Model--ADAM-_files/Svetunkov--2023----Forecasting-and-Analytics-with-
the-Augmented-Dynamic-Adaptive-Model--ADAM-_files/figure-latex/SARIMADiffConsta
ntTrajectory-1.pdf>] [168] [169]
<Svetunkov--2023----Forecasting-and-Analytics-with-the-Augmented-Dynamic-Adapti
ve-Model--ADAM-_files/Svetunkov--2023----Forecasting-and-Analytics-with-the-Aug
mented-Dynamic-Adaptive-Model--ADAM-_files/figure-latex/ACFExampleAR1-1.pdf, id
=2990, 436.63126pt x 250.9375pt>
File: Svetunkov--2023----Forecasting-and-Analytics-with-the-Augmented-Dynamic-A
daptive-Model--ADAM-_files/Svetunkov--2023----Forecasting-and-Analytics-with-th
e-Augmented-Dynamic-Adaptive-Model--ADAM-_files/figure-latex/ACFExampleAR1-1.pd
f Graphic file (type pdf)
<use Svetunkov--2023----Forecasting-and-Analytics-with-the-Augmented-Dynamic-Ad
aptive-Model--ADAM-_files/Svetunkov--2023----Forecasting-and-Analytics-with-the
-Augmented-Dynamic-Adaptive-Model--ADAM-_files/figure-latex/ACFExampleAR1-1.pdf
>
Package pdftex.def Info: Svetunkov--2023----Forecasting-and-Analytics-with-the-
Augmented-Dynamic-Adaptive-Model--ADAM-_files/Svetunkov--2023----Forecasting-an
d-Analytics-with-the-Augmented-Dynamic-Adaptive-Model--ADAM-_files/figure-latex
/ACFExampleAR1-1.pdf  used on input line 5095.
(pdftex.def)             Requested size: 436.63019pt x 250.93687pt.
[170] [171 <./Svetunkov--2023----Forecasting-and-Analytics-with-the-Augmented-D
ynamic-Adaptive-Model--ADAM-_files/Svetunkov--2023----Forecasting-and-Analytics
-with-the-Augmented-Dynamic-Adaptive-Model--ADAM-_files/figure-latex/ACFExample
AR1-1.pdf>] [172]
<./images/09-Sarah.jpeg, id=3029, 1505.625pt x 942.52126pt>
File: ./images/09-Sarah.jpeg Graphic file (type jpg)
<use ./images/09-Sarah.jpeg>
Package pdftex.def Info: ./images/09-Sarah.jpeg  used on input line 5172.
(pdftex.def)             Requested size: 258.75pt x 161.96667pt.
[173]
<Svetunkov--2023----Forecasting-and-Analytics-with-the-Augmented-Dynamic-Adapti
ve-Model--ADAM-_files/Svetunkov--2023----Forecasting-and-Analytics-with-the-Aug
mented-Dynamic-Adaptive-Model--ADAM-_files/figure-latex/acfpacfExampleAR1-1.pdf
, id=3047, 444.66125pt x 306.14375pt>
File: Svetunkov--2023----Forecasting-and-Analytics-with-the-Augmented-Dynamic-A
daptive-Model--ADAM-_files/Svetunkov--2023----Forecasting-and-Analytics-with-th
e-Augmented-Dynamic-Adaptive-Model--ADAM-_files/figure-latex/acfpacfExampleAR1-
1.pdf Graphic file (type pdf)
<use Svetunkov--2023----Forecasting-and-Analytics-with-the-Augmented-Dynamic-Ad
aptive-Model--ADAM-_files/Svetunkov--2023----Forecasting-and-Analytics-with-the
-Augmented-Dynamic-Adaptive-Model--ADAM-_files/figure-latex/acfpacfExampleAR1-1
.pdf>
Package pdftex.def Info: Svetunkov--2023----Forecasting-and-Analytics-with-the-
Augmented-Dynamic-Adaptive-Model--ADAM-_files/Svetunkov--2023----Forecasting-an
d-Analytics-with-the-Augmented-Dynamic-Adaptive-Model--ADAM-_files/figure-latex
/acfpacfExampleAR1-1.pdf  used on input line 5185.
(pdftex.def)             Requested size: 444.66016pt x 306.14299pt.
<Svetunkov--2023----Forecasting-and-Analytics-with-the-Augmented-Dynamic-Adapti
ve-Model--ADAM-_files/Svetunkov--2023----Forecasting-and-Analytics-with-the-Aug
mented-Dynamic-Adaptive-Model--ADAM-_files/figure-latex/acfpacfExampleAR2-1.pdf
, id=3049, 444.66125pt x 306.14375pt>
File: Svetunkov--2023----Forecasting-and-Analytics-with-the-Augmented-Dynamic-A
daptive-Model--ADAM-_files/Svetunkov--2023----Forecasting-and-Analytics-with-th
e-Augmented-Dynamic-Adaptive-Model--ADAM-_files/figure-latex/acfpacfExampleAR2-
1.pdf Graphic file (type pdf)
<use Svetunkov--2023----Forecasting-and-Analytics-with-the-Augmented-Dynamic-Ad
aptive-Model--ADAM-_files/Svetunkov--2023----Forecasting-and-Analytics-with-the
-Augmented-Dynamic-Adaptive-Model--ADAM-_files/figure-latex/acfpacfExampleAR2-1
.pdf>
Package pdftex.def Info: Svetunkov--2023----Forecasting-and-Analytics-with-the-
Augmented-Dynamic-Adaptive-Model--ADAM-_files/Svetunkov--2023----Forecasting-an
d-Analytics-with-the-Augmented-Dynamic-Adaptive-Model--ADAM-_files/figure-latex
/acfpacfExampleAR2-1.pdf  used on input line 5197.
(pdftex.def)             Requested size: 444.66016pt x 306.14299pt.
<Svetunkov--2023----Forecasting-and-Analytics-with-the-Augmented-Dynamic-Adapti
ve-Model--ADAM-_files/Svetunkov--2023----Forecasting-and-Analytics-with-the-Aug
mented-Dynamic-Adaptive-Model--ADAM-_files/figure-latex/acfpacfExampleMA2-1.pdf
, id=3053, 442.65375pt x 293.095pt>
File: Svetunkov--2023----Forecasting-and-Analytics-with-the-Augmented-Dynamic-A
daptive-Model--ADAM-_files/Svetunkov--2023----Forecasting-and-Analytics-with-th
e-Augmented-Dynamic-Adaptive-Model--ADAM-_files/figure-latex/acfpacfExampleMA2-
1.pdf Graphic file (type pdf)
<use Svetunkov--2023----Forecasting-and-Analytics-with-the-Augmented-Dynamic-Ad
aptive-Model--ADAM-_files/Svetunkov--2023----Forecasting-and-Analytics-with-the
-Augmented-Dynamic-Adaptive-Model--ADAM-_files/figure-latex/acfpacfExampleMA2-1
.pdf>
Package pdftex.def Info: Svetunkov--2023----Forecasting-and-Analytics-with-the-
Augmented-Dynamic-Adaptive-Model--ADAM-_files/Svetunkov--2023----Forecasting-an
d-Analytics-with-the-Augmented-Dynamic-Adaptive-Model--ADAM-_files/figure-latex
/acfpacfExampleMA2-1.pdf  used on input line 5205.
(pdftex.def)             Requested size: 442.65265pt x 293.09427pt.
[174 <./images/09-Sarah.jpeg>] [175 <./Svetunkov--2023----Forecasting-and-Analy
tics-with-the-Augmented-Dynamic-Adaptive-Model--ADAM-_files/Svetunkov--2023----
Forecasting-and-Analytics-with-the-Augmented-Dynamic-Adaptive-Model--ADAM-_file
s/figure-latex/acfpacfExampleAR1-1.pdf> <./Svetunkov--2023----Forecasting-and-A
nalytics-with-the-Augmented-Dynamic-Adaptive-Model--ADAM-_files/Svetunkov--2023
----Forecasting-and-Analytics-with-the-Augmented-Dynamic-Adaptive-Model--ADAM-_
files/figure-latex/acfpacfExampleAR2-1.pdf>]
<Svetunkov--2023----Forecasting-and-Analytics-with-the-Augmented-Dynamic-Adapti
ve-Model--ADAM-_files/Svetunkov--2023----Forecasting-and-Analytics-with-the-Aug
mented-Dynamic-Adaptive-Model--ADAM-_files/figure-latex/acfpacfExampleARMA22-1.
pdf, id=3085, 442.65375pt x 293.095pt>
File: Svetunkov--2023----Forecasting-and-Analytics-with-the-Augmented-Dynamic-A
daptive-Model--ADAM-_files/Svetunkov--2023----Forecasting-and-Analytics-with-th
e-Augmented-Dynamic-Adaptive-Model--ADAM-_files/figure-latex/acfpacfExampleARMA
22-1.pdf Graphic file (type pdf)
<use Svetunkov--2023----Forecasting-and-Analytics-with-the-Augmented-Dynamic-Ad
aptive-Model--ADAM-_files/Svetunkov--2023----Forecasting-and-Analytics-with-the
-Augmented-Dynamic-Adaptive-Model--ADAM-_files/figure-latex/acfpacfExampleARMA2
2-1.pdf>
Package pdftex.def Info: Svetunkov--2023----Forecasting-and-Analytics-with-the-
Augmented-Dynamic-Adaptive-Model--ADAM-_files/Svetunkov--2023----Forecasting-an
d-Analytics-with-the-Augmented-Dynamic-Adaptive-Model--ADAM-_files/figure-latex
/acfpacfExampleARMA22-1.pdf  used on input line 5213.
(pdftex.def)             Requested size: 442.65265pt x 293.09427pt.
[176 <./Svetunkov--2023----Forecasting-and-Analytics-with-the-Augmented-Dynamic
-Adaptive-Model--ADAM-_files/Svetunkov--2023----Forecasting-and-Analytics-with-
the-Augmented-Dynamic-Adaptive-Model--ADAM-_files/figure-latex/acfpacfExampleMA
2-1.pdf>] [177 <./Svetunkov--2023----Forecasting-and-Analytics-with-the-Augment
ed-Dynamic-Adaptive-Model--ADAM-_files/Svetunkov--2023----Forecasting-and-Analy
tics-with-the-Augmented-Dynamic-Adaptive-Model--ADAM-_files/figure-latex/acfpac
fExampleARMA22-1.pdf>] [178]
<Svetunkov--2023----Forecasting-and-Analytics-with-the-Augmented-Dynamic-Adapti
ve-Model--ADAM-_files/Svetunkov--2023----Forecasting-and-Analytics-with-the-Aug
mented-Dynamic-Adaptive-Model--ADAM-_files/figure-latex/ETSARIMAConnection-1.pd
f, id=3146, 453.695pt x 314.17375pt>
File: Svetunkov--2023----Forecasting-and-Analytics-with-the-Augmented-Dynamic-A
daptive-Model--ADAM-_files/Svetunkov--2023----Forecasting-and-Analytics-with-th
e-Augmented-Dynamic-Adaptive-Model--ADAM-_files/figure-latex/ETSARIMAConnection
-1.pdf Graphic file (type pdf)
<use Svetunkov--2023----Forecasting-and-Analytics-with-the-Augmented-Dynamic-Ad
aptive-Model--ADAM-_files/Svetunkov--2023----Forecasting-and-Analytics-with-the
-Augmented-Dynamic-Adaptive-Model--ADAM-_files/figure-latex/ETSARIMAConnection-
1.pdf>
Package pdftex.def Info: Svetunkov--2023----Forecasting-and-Analytics-with-the-
Augmented-Dynamic-Adaptive-Model--ADAM-_files/Svetunkov--2023----Forecasting-an
d-Analytics-with-the-Augmented-Dynamic-Adaptive-Model--ADAM-_files/figure-latex
/ETSARIMAConnection-1.pdf  used on input line 5317.
(pdftex.def)             Requested size: 453.6939pt x 314.17297pt.
[179] [180 <./Svetunkov--2023----Forecasting-and-Analytics-with-the-Augmented-D
ynamic-Adaptive-Model--ADAM-_files/Svetunkov--2023----Forecasting-and-Analytics
-with-the-Augmented-Dynamic-Adaptive-Model--ADAM-_files/figure-latex/ETSARIMACo
nnection-1.pdf>] [181]
<Svetunkov--2023----Forecasting-and-Analytics-with-the-Augmented-Dynamic-Adapti
ve-Model--ADAM-_files/Svetunkov--2023----Forecasting-and-Analytics-with-the-Aug
mented-Dynamic-Adaptive-Model--ADAM-_files/figure-latex/BJSalesPlot-1.pdf, id=3
203, 436.63126pt x 248.93pt>
File: Svetunkov--2023----Forecasting-and-Analytics-with-the-Augmented-Dynamic-A
daptive-Model--ADAM-_files/Svetunkov--2023----Forecasting-and-Analytics-with-th
e-Augmented-Dynamic-Adaptive-Model--ADAM-_files/figure-latex/BJSalesPlot-1.pdf 
Graphic file (type pdf)
<use Svetunkov--2023----Forecasting-and-Analytics-with-the-Augmented-Dynamic-Ad
aptive-Model--ADAM-_files/Svetunkov--2023----Forecasting-and-Analytics-with-the
-Augmented-Dynamic-Adaptive-Model--ADAM-_files/figure-latex/BJSalesPlot-1.pdf>
Package pdftex.def Info: Svetunkov--2023----Forecasting-and-Analytics-with-the-
Augmented-Dynamic-Adaptive-Model--ADAM-_files/Svetunkov--2023----Forecasting-an
d-Analytics-with-the-Augmented-Dynamic-Adaptive-Model--ADAM-_files/figure-latex
/BJSalesPlot-1.pdf  used on input line 5376.
(pdftex.def)             Requested size: 436.63019pt x 248.92938pt.
[182 <./Svetunkov--2023----Forecasting-and-Analytics-with-the-Augmented-Dynamic
-Adaptive-Model--ADAM-_files/Svetunkov--2023----Forecasting-and-Analytics-with-
the-Augmented-Dynamic-Adaptive-Model--ADAM-_files/figure-latex/BJSalesPlot-1.pd
f>]
<Svetunkov--2023----Forecasting-and-Analytics-with-the-Augmented-Dynamic-Adapti
ve-Model--ADAM-_files/Svetunkov--2023----Forecasting-and-Analytics-with-the-Aug
mented-Dynamic-Adaptive-Model--ADAM-_files/figure-latex/adamARIMAPlotBJSales-1.
pdf, id=3219, 407.5225pt x 253.94875pt>
File: Svetunkov--2023----Forecasting-and-Analytics-with-the-Augmented-Dynamic-A
daptive-Model--ADAM-_files/Svetunkov--2023----Forecasting-and-Analytics-with-th
e-Augmented-Dynamic-Adaptive-Model--ADAM-_files/figure-latex/adamARIMAPlotBJSal
es-1.pdf Graphic file (type pdf)
<use Svetunkov--2023----Forecasting-and-Analytics-with-the-Augmented-Dynamic-Ad
aptive-Model--ADAM-_files/Svetunkov--2023----Forecasting-and-Analytics-with-the
-Augmented-Dynamic-Adaptive-Model--ADAM-_files/figure-latex/adamARIMAPlotBJSale
s-1.pdf>
Package pdftex.def Info: Svetunkov--2023----Forecasting-and-Analytics-with-the-
Augmented-Dynamic-Adaptive-Model--ADAM-_files/Svetunkov--2023----Forecasting-an
d-Analytics-with-the-Augmented-Dynamic-Adaptive-Model--ADAM-_files/figure-latex
/adamARIMAPlotBJSales-1.pdf  used on input line 5426.
(pdftex.def)             Requested size: 407.5215pt x 253.94812pt.
[183]
<Svetunkov--2023----Forecasting-and-Analytics-with-the-Augmented-Dynamic-Adapti
ve-Model--ADAM-_files/Svetunkov--2023----Forecasting-and-Analytics-with-the-Aug
mented-Dynamic-Adaptive-Model--ADAM-_files/figure-latex/adamARIMAPlotBJSalesACF
PACF-1.pdf, id=3225, 436.63126pt x 250.9375pt>
File: Svetunkov--2023----Forecasting-and-Analytics-with-the-Augmented-Dynamic-A
daptive-Model--ADAM-_files/Svetunkov--2023----Forecasting-and-Analytics-with-th
e-Augmented-Dynamic-Adaptive-Model--ADAM-_files/figure-latex/adamARIMAPlotBJSal
esACFPACF-1.pdf Graphic file (type pdf)
<use Svetunkov--2023----Forecasting-and-Analytics-with-the-Augmented-Dynamic-Ad
aptive-Model--ADAM-_files/Svetunkov--2023----Forecasting-and-Analytics-with-the
-Augmented-Dynamic-Adaptive-Model--ADAM-_files/figure-latex/adamARIMAPlotBJSale
sACFPACF-1.pdf>
Package pdftex.def Info: Svetunkov--2023----Forecasting-and-Analytics-with-the-
Augmented-Dynamic-Adaptive-Model--ADAM-_files/Svetunkov--2023----Forecasting-an
d-Analytics-with-the-Augmented-Dynamic-Adaptive-Model--ADAM-_files/figure-latex
/adamARIMAPlotBJSalesACFPACF-1.pdf  used on input line 5472.
(pdftex.def)             Requested size: 436.63019pt x 250.93687pt.

Underfull \vbox (badness 10000) has occurred while \output is active []

[184 <./Svetunkov--2023----Forecasting-and-Analytics-with-the-Augmented-Dynamic
-Adaptive-Model--ADAM-_files/Svetunkov--2023----Forecasting-and-Analytics-with-
the-Augmented-Dynamic-Adaptive-Model--ADAM-_files/figure-latex/adamARIMAPlotBJS
ales-1.pdf>]
Underfull \vbox (badness 10000) detected at line 5504
 []


Underfull \vbox (badness 1132) has occurred while \output is active []

[185 <./Svetunkov--2023----Forecasting-and-Analytics-with-the-Augmented-Dynamic
-Adaptive-Model--ADAM-_files/Svetunkov--2023----Forecasting-and-Analytics-with-
the-Augmented-Dynamic-Adaptive-Model--ADAM-_files/figure-latex/adamARIMAPlotBJS
alesACFPACF-1.pdf>]
Overfull \hbox (59.24883pt too wide) in paragraph at lines 5517--5517
[]\T1/lmtt/m/n/10 ## SARIMA(0,2,2)(0,1,1)[12] SARIMA(0,2,2)(1,1,1)[12] SARIMA(0
,2,2)(1,1,0)[12][] 
 []


Overfull \hbox (59.24883pt too wide) in paragraph at lines 5517--5517
[]\T1/lmtt/m/n/10 ##                 1069.813                 1139.173         
        1135.697[] 
 []

<Svetunkov--2023----Forecasting-and-Analytics-with-the-Augmented-Dynamic-Adapti
ve-Model--ADAM-_files/Svetunkov--2023----Forecasting-and-Analytics-with-the-Aug
mented-Dynamic-Adaptive-Model--ADAM-_files/figure-latex/adamSARIMAPlotAir-1.pdf
, id=3253, 407.5225pt x 219.82124pt>
File: Svetunkov--2023----Forecasting-and-Analytics-with-the-Augmented-Dynamic-A
daptive-Model--ADAM-_files/Svetunkov--2023----Forecasting-and-Analytics-with-th
e-Augmented-Dynamic-Adaptive-Model--ADAM-_files/figure-latex/adamSARIMAPlotAir-
1.pdf Graphic file (type pdf)
<use Svetunkov--2023----Forecasting-and-Analytics-with-the-Augmented-Dynamic-Ad
aptive-Model--ADAM-_files/Svetunkov--2023----Forecasting-and-Analytics-with-the
-Augmented-Dynamic-Adaptive-Model--ADAM-_files/figure-latex/adamSARIMAPlotAir-1
.pdf>
Package pdftex.def Info: Svetunkov--2023----Forecasting-and-Analytics-with-the-
Augmented-Dynamic-Adaptive-Model--ADAM-_files/Svetunkov--2023----Forecasting-an
d-Analytics-with-the-Augmented-Dynamic-Adaptive-Model--ADAM-_files/figure-latex
/adamSARIMAPlotAir-1.pdf  used on input line 5531.
(pdftex.def)             Requested size: 407.5215pt x 219.8207pt.
[186 <./Svetunkov--2023----Forecasting-and-Analytics-with-the-Augmented-Dynamic
-Adaptive-Model--ADAM-_files/Svetunkov--2023----Forecasting-and-Analytics-with-
the-Augmented-Dynamic-Adaptive-Model--ADAM-_files/figure-latex/adamSARIMAPlotAi
r-1.pdf>]
<Svetunkov--2023----Forecasting-and-Analytics-with-the-Augmented-Dynamic-Adapti
ve-Model--ADAM-_files/Svetunkov--2023----Forecasting-and-Analytics-with-the-Aug
mented-Dynamic-Adaptive-Model--ADAM-_files/figure-latex/adamETSPlotAirACFPACF-1
.pdf, id=3267, 436.63126pt x 250.9375pt>
File: Svetunkov--2023----Forecasting-and-Analytics-with-the-Augmented-Dynamic-A
daptive-Model--ADAM-_files/Svetunkov--2023----Forecasting-and-Analytics-with-th
e-Augmented-Dynamic-Adaptive-Model--ADAM-_files/figure-latex/adamETSPlotAirACFP
ACF-1.pdf Graphic file (type pdf)
<use Svetunkov--2023----Forecasting-and-Analytics-with-the-Augmented-Dynamic-Ad
aptive-Model--ADAM-_files/Svetunkov--2023----Forecasting-and-Analytics-with-the
-Augmented-Dynamic-Adaptive-Model--ADAM-_files/figure-latex/adamETSPlotAirACFPA
CF-1.pdf>
Package pdftex.def Info: Svetunkov--2023----Forecasting-and-Analytics-with-the-
Augmented-Dynamic-Adaptive-Model--ADAM-_files/Svetunkov--2023----Forecasting-an
d-Analytics-with-the-Augmented-Dynamic-Adaptive-Model--ADAM-_files/figure-latex
/adamETSPlotAirACFPACF-1.pdf  used on input line 5559.
(pdftex.def)             Requested size: 436.63019pt x 250.93687pt.
[187 <./Svetunkov--2023----Forecasting-and-Analytics-with-the-Augmented-Dynamic
-Adaptive-Model--ADAM-_files/Svetunkov--2023----Forecasting-and-Analytics-with-
the-Augmented-Dynamic-Adaptive-Model--ADAM-_files/figure-latex/adamETSPlotAirAC
FPACF-1.pdf>] [188

]
Chapter 9.

Underfull \vbox (badness 3590) has occurred while \output is active []

[189]
Underfull \vbox (badness 10000) has occurred while \output is active []

[190] [191]
Underfull \vbox (badness 3271) has occurred while \output is active []

[192] [193] [194] [195]
Overfull \hbox (3.11594pt too wide) detected at line 5879
[][][][] \OML/lmm/m/it/10 y[] \OT1/lmr/m/n/10 = [] \OT1/lmr/bx/n/10 w[]F[] [] v
[] \OT1/lmr/m/n/10 + \OT1/lmr/bx/n/10 w[] [] F[]g[] []\OT1/lmr/m/n/10 (1 + \OML
/lmm/m/it/10 ^^O[]\OT1/lmr/m/n/10 ) + [](1 + \OML/lmm/m/it/10 ^^O[]\OT1/lmr/m/n
/10 )\OML/lmm/m/it/10 ;
 []

[196] [197] [198]
Underfull \hbox (badness 10000) in paragraph at lines 5952--5952
[]\T1/lmr/bx/n/14.4 (+20) Distributional as-sump-tions of ADAM
 []

[199] [200] [201] [202]
<Svetunkov--2023----Forecasting-and-Analytics-with-the-Augmented-Dynamic-Adapti
ve-Model--ADAM-_files/Svetunkov--2023----Forecasting-and-Analytics-with-the-Aug
mented-Dynamic-Adaptive-Model--ADAM-_files/figure-latex/unnamed-chunk-59-1.pdf,
 id=3482, 436.63126pt x 255.95625pt>
File: Svetunkov--2023----Forecasting-and-Analytics-with-the-Augmented-Dynamic-A
daptive-Model--ADAM-_files/Svetunkov--2023----Forecasting-and-Analytics-with-th
e-Augmented-Dynamic-Adaptive-Model--ADAM-_files/figure-latex/unnamed-chunk-59-1
.pdf Graphic file (type pdf)
<use Svetunkov--2023----Forecasting-and-Analytics-with-the-Augmented-Dynamic-Ad
aptive-Model--ADAM-_files/Svetunkov--2023----Forecasting-and-Analytics-with-the
-Augmented-Dynamic-Adaptive-Model--ADAM-_files/figure-latex/unnamed-chunk-59-1.
pdf>
Package pdftex.def Info: Svetunkov--2023----Forecasting-and-Analytics-with-the-
Augmented-Dynamic-Adaptive-Model--ADAM-_files/Svetunkov--2023----Forecasting-an
d-Analytics-with-the-Augmented-Dynamic-Adaptive-Model--ADAM-_files/figure-latex
/unnamed-chunk-59-1.pdf  used on input line 6138.
(pdftex.def)             Requested size: 436.63019pt x 255.95561pt.

Underfull \vbox (badness 1348) has occurred while \output is active []

[203 <./Svetunkov--2023----Forecasting-and-Analytics-with-the-Augmented-Dynamic
-Adaptive-Model--ADAM-_files/Svetunkov--2023----Forecasting-and-Analytics-with-
the-Augmented-Dynamic-Adaptive-Model--ADAM-_files/figure-latex/unnamed-chunk-59
-1.pdf>]
<Svetunkov--2023----Forecasting-and-Analytics-with-the-Augmented-Dynamic-Adapti
ve-Model--ADAM-_files/Svetunkov--2023----Forecasting-and-Analytics-with-the-Aug
mented-Dynamic-Adaptive-Model--ADAM-_files/figure-latex/logSARIMAACF-1.pdf, id=
3496, 453.695pt x 314.17375pt>
File: Svetunkov--2023----Forecasting-and-Analytics-with-the-Augmented-Dynamic-A
daptive-Model--ADAM-_files/Svetunkov--2023----Forecasting-and-Analytics-with-th
e-Augmented-Dynamic-Adaptive-Model--ADAM-_files/figure-latex/logSARIMAACF-1.pdf
 Graphic file (type pdf)
<use Svetunkov--2023----Forecasting-and-Analytics-with-the-Augmented-Dynamic-Ad
aptive-Model--ADAM-_files/Svetunkov--2023----Forecasting-and-Analytics-with-the
-Augmented-Dynamic-Adaptive-Model--ADAM-_files/figure-latex/logSARIMAACF-1.pdf>

Package pdftex.def Info: Svetunkov--2023----Forecasting-and-Analytics-with-the-
Augmented-Dynamic-Adaptive-Model--ADAM-_files/Svetunkov--2023----Forecasting-an
d-Analytics-with-the-Augmented-Dynamic-Adaptive-Model--ADAM-_files/figure-latex
/logSARIMAACF-1.pdf  used on input line 6192.
(pdftex.def)             Requested size: 453.6939pt x 314.17297pt.

Overfull \vbox (0.66693pt too high) detected at line 6204
 []

[204]
<Svetunkov--2023----Forecasting-and-Analytics-with-the-Augmented-Dynamic-Adapti
ve-Model--ADAM-_files/Svetunkov--2023----Forecasting-and-Analytics-with-the-Aug
mented-Dynamic-Adaptive-Model--ADAM-_files/figure-latex/logSARIMAForecast-1.pdf
, id=3506, 407.5225pt x 253.94875pt>
File: Svetunkov--2023----Forecasting-and-Analytics-with-the-Augmented-Dynamic-A
daptive-Model--ADAM-_files/Svetunkov--2023----Forecasting-and-Analytics-with-th
e-Augmented-Dynamic-Adaptive-Model--ADAM-_files/figure-latex/logSARIMAForecast-
1.pdf Graphic file (type pdf)
<use Svetunkov--2023----Forecasting-and-Analytics-with-the-Augmented-Dynamic-Ad
aptive-Model--ADAM-_files/Svetunkov--2023----Forecasting-and-Analytics-with-the
-Augmented-Dynamic-Adaptive-Model--ADAM-_files/figure-latex/logSARIMAForecast-1
.pdf>
Package pdftex.def Info: Svetunkov--2023----Forecasting-and-Analytics-with-the-
Augmented-Dynamic-Adaptive-Model--ADAM-_files/Svetunkov--2023----Forecasting-an
d-Analytics-with-the-Augmented-Dynamic-Adaptive-Model--ADAM-_files/figure-latex
/logSARIMAForecast-1.pdf  used on input line 6208.
(pdftex.def)             Requested size: 407.5215pt x 253.94812pt.
[205 <./Svetunkov--2023----Forecasting-and-Analytics-with-the-Augmented-Dynamic
-Adaptive-Model--ADAM-_files/Svetunkov--2023----Forecasting-and-Analytics-with-
the-Augmented-Dynamic-Adaptive-Model--ADAM-_files/figure-latex/logSARIMAACF-1.p
df>]
Underfull \hbox (badness 4036) in paragraph at lines 6244--6245
[]\T1/lmr/m/n/10 (+20) Comparing in-for-ma-tion cri-te-ria, Log-ARIMA should be
 pre-ferred to
 []


Overfull \hbox (17.24895pt too wide) in paragraph at lines 6276--6276
[]\T1/lmtt/m/n/10 ## Model estimated using adam() function: SARIMA(1,1,2)[1](0,
1,1)[12][] 
 []

[206 <./Svetunkov--2023----Forecasting-and-Analytics-with-the-Augmented-Dynamic
-Adaptive-Model--ADAM-_files/Svetunkov--2023----Forecasting-and-Analytics-with-
the-Augmented-Dynamic-Adaptive-Model--ADAM-_files/figure-latex/logSARIMAForecas
t-1.pdf>] [207] [208

]
Chapter 10.
[209] [210] [211] [212]
Underfull \vbox (badness 1270) has occurred while \output is active []

[213] [214] [215] [216] [217] [218]
Underfull \hbox (badness 4144) in paragraph at lines 6606--6606
[]\T1/lmr/bx/n/14.4 (+20) Dealing with cat-e-gor-i-cal vari-ables in
 []


Underfull \vbox (badness 4168) has occurred while \output is active []


Overfull \hbox (1.70596pt too wide) has occurred while \output is active
\T1/lmr/m/sl/10 10.4.  STABILITY AND FORECASTABILITY CONDITIONS OF ADAMX \T1/lm
r/m/n/10 219
 []

[219] [220] [221]
<Svetunkov--2023----Forecasting-and-Analytics-with-the-Augmented-Dynamic-Adapti
ve-Model--ADAM-_files/Svetunkov--2023----Forecasting-and-Analytics-with-the-Aug
mented-Dynamic-Adaptive-Model--ADAM-_files/figure-latex/Seatbelts-1.pdf, id=371
8, 441.65pt x 290.08376pt>
File: Svetunkov--2023----Forecasting-and-Analytics-with-the-Augmented-Dynamic-A
daptive-Model--ADAM-_files/Svetunkov--2023----Forecasting-and-Analytics-with-th
e-Augmented-Dynamic-Adaptive-Model--ADAM-_files/figure-latex/Seatbelts-1.pdf Gr
aphic file (type pdf)
<use Svetunkov--2023----Forecasting-and-Analytics-with-the-Augmented-Dynamic-Ad
aptive-Model--ADAM-_files/Svetunkov--2023----Forecasting-and-Analytics-with-the
-Augmented-Dynamic-Adaptive-Model--ADAM-_files/figure-latex/Seatbelts-1.pdf>
Package pdftex.def Info: Svetunkov--2023----Forecasting-and-Analytics-with-the-
Augmented-Dynamic-Adaptive-Model--ADAM-_files/Svetunkov--2023----Forecasting-an
d-Analytics-with-the-Augmented-Dynamic-Adaptive-Model--ADAM-_files/figure-latex
/Seatbelts-1.pdf  used on input line 6687.
(pdftex.def)             Requested size: 441.64891pt x 290.08304pt.
<Svetunkov--2023----Forecasting-and-Analytics-with-the-Augmented-Dynamic-Adapti
ve-Model--ADAM-_files/Svetunkov--2023----Forecasting-and-Analytics-with-the-Aug
mented-Dynamic-Adaptive-Model--ADAM-_files/figure-latex/SeatbeltsForecast-1.pdf
, id=3720, 407.5225pt x 253.94875pt>
File: Svetunkov--2023----Forecasting-and-Analytics-with-the-Augmented-Dynamic-A
daptive-Model--ADAM-_files/Svetunkov--2023----Forecasting-and-Analytics-with-th
e-Augmented-Dynamic-Adaptive-Model--ADAM-_files/figure-latex/SeatbeltsForecast-
1.pdf Graphic file (type pdf)
<use Svetunkov--2023----Forecasting-and-Analytics-with-the-Augmented-Dynamic-Ad
aptive-Model--ADAM-_files/Svetunkov--2023----Forecasting-and-Analytics-with-the
-Augmented-Dynamic-Adaptive-Model--ADAM-_files/figure-latex/SeatbeltsForecast-1
.pdf>
Package pdftex.def Info: Svetunkov--2023----Forecasting-and-Analytics-with-the-
Augmented-Dynamic-Adaptive-Model--ADAM-_files/Svetunkov--2023----Forecasting-an
d-Analytics-with-the-Augmented-Dynamic-Adaptive-Model--ADAM-_files/figure-latex
/SeatbeltsForecast-1.pdf  used on input line 6704.
(pdftex.def)             Requested size: 407.5215pt x 253.94812pt.
[222 <./Svetunkov--2023----Forecasting-and-Analytics-with-the-Augmented-Dynamic
-Adaptive-Model--ADAM-_files/Svetunkov--2023----Forecasting-and-Analytics-with-
the-Augmented-Dynamic-Adaptive-Model--ADAM-_files/figure-latex/Seatbelts-1.pdf>
] [223 <./Svetunkov--2023----Forecasting-and-Analytics-with-the-Augmented-Dynam
ic-Adaptive-Model--ADAM-_files/Svetunkov--2023----Forecasting-and-Analytics-wit
h-the-Augmented-Dynamic-Adaptive-Model--ADAM-_files/figure-latex/SeatbeltsForec
ast-1.pdf>]
<Svetunkov--2023----Forecasting-and-Analytics-with-the-Augmented-Dynamic-Adapti
ve-Model--ADAM-_files/Svetunkov--2023----Forecasting-and-Analytics-with-the-Aug
mented-Dynamic-Adaptive-Model--ADAM-_files/figure-latex/driversSpread-1.pdf, id
=3751, 459.7175pt x 306.14375pt>
File: Svetunkov--2023----Forecasting-and-Analytics-with-the-Augmented-Dynamic-A
daptive-Model--ADAM-_files/Svetunkov--2023----Forecasting-and-Analytics-with-th
e-Augmented-Dynamic-Adaptive-Model--ADAM-_files/figure-latex/driversSpread-1.pd
f Graphic file (type pdf)
<use Svetunkov--2023----Forecasting-and-Analytics-with-the-Augmented-Dynamic-Ad
aptive-Model--ADAM-_files/Svetunkov--2023----Forecasting-and-Analytics-with-the
-Augmented-Dynamic-Adaptive-Model--ADAM-_files/figure-latex/driversSpread-1.pdf
>
Package pdftex.def Info: Svetunkov--2023----Forecasting-and-Analytics-with-the-
Augmented-Dynamic-Adaptive-Model--ADAM-_files/Svetunkov--2023----Forecasting-an
d-Analytics-with-the-Augmented-Dynamic-Adaptive-Model--ADAM-_files/figure-latex
/driversSpread-1.pdf  used on input line 6749.
(pdftex.def)             Requested size: 459.71637pt x 306.14299pt.
[224 <./Svetunkov--2023----Forecasting-and-Analytics-with-the-Augmented-Dynamic
-Adaptive-Model--ADAM-_files/Svetunkov--2023----Forecasting-and-Analytics-with-
the-Augmented-Dynamic-Adaptive-Model--ADAM-_files/figure-latex/driversSpread-1.
pdf>]
<Svetunkov--2023----Forecasting-and-Analytics-with-the-Augmented-Dynamic-Adapti
ve-Model--ADAM-_files/Svetunkov--2023----Forecasting-and-Analytics-with-the-Aug
mented-Dynamic-Adaptive-Model--ADAM-_files/figure-latex/SeatbeltsForecastX-1.pd
f, id=3764, 407.5225pt x 253.94875pt>
File: Svetunkov--2023----Forecasting-and-Analytics-with-the-Augmented-Dynamic-A
daptive-Model--ADAM-_files/Svetunkov--2023----Forecasting-and-Analytics-with-th
e-Augmented-Dynamic-Adaptive-Model--ADAM-_files/figure-latex/SeatbeltsForecastX
-1.pdf Graphic file (type pdf)
<use Svetunkov--2023----Forecasting-and-Analytics-with-the-Augmented-Dynamic-Ad
aptive-Model--ADAM-_files/Svetunkov--2023----Forecasting-and-Analytics-with-the
-Augmented-Dynamic-Adaptive-Model--ADAM-_files/figure-latex/SeatbeltsForecastX-
1.pdf>
Package pdftex.def Info: Svetunkov--2023----Forecasting-and-Analytics-with-the-
Augmented-Dynamic-Adaptive-Model--ADAM-_files/Svetunkov--2023----Forecasting-an
d-Analytics-with-the-Augmented-Dynamic-Adaptive-Model--ADAM-_files/figure-latex
/SeatbeltsForecastX-1.pdf  used on input line 6773.
(pdftex.def)             Requested size: 407.5215pt x 253.94812pt.
[225 <./Svetunkov--2023----Forecasting-and-Analytics-with-the-Augmented-Dynamic
-Adaptive-Model--ADAM-_files/Svetunkov--2023----Forecasting-and-Analytics-with-
the-Augmented-Dynamic-Adaptive-Model--ADAM-_files/figure-latex/SeatbeltsForecas
tX-1.pdf>] [226]
<Svetunkov--2023----Forecasting-and-Analytics-with-the-Augmented-Dynamic-Adapti
ve-Model--ADAM-_files/Svetunkov--2023----Forecasting-and-Analytics-with-the-Aug
mented-Dynamic-Adaptive-Model--ADAM-_files/figure-latex/adamETSXMNMDSeatStates-
1.pdf, id=3784, 441.65pt x 366.36874pt>
File: Svetunkov--2023----Forecasting-and-Analytics-with-the-Augmented-Dynamic-A
daptive-Model--ADAM-_files/Svetunkov--2023----Forecasting-and-Analytics-with-th
e-Augmented-Dynamic-Adaptive-Model--ADAM-_files/figure-latex/adamETSXMNMDSeatSt
ates-1.pdf Graphic file (type pdf)
<use Svetunkov--2023----Forecasting-and-Analytics-with-the-Augmented-Dynamic-Ad
aptive-Model--ADAM-_files/Svetunkov--2023----Forecasting-and-Analytics-with-the
-Augmented-Dynamic-Adaptive-Model--ADAM-_files/figure-latex/adamETSXMNMDSeatSta
tes-1.pdf>
Package pdftex.def Info: Svetunkov--2023----Forecasting-and-Analytics-with-the-
Augmented-Dynamic-Adaptive-Model--ADAM-_files/Svetunkov--2023----Forecasting-an
d-Analytics-with-the-Augmented-Dynamic-Adaptive-Model--ADAM-_files/figure-latex
/adamETSXMNMDSeatStates-1.pdf  used on input line 6876.
(pdftex.def)             Requested size: 441.64891pt x 366.36784pt.
[227 <./Svetunkov--2023----Forecasting-and-Analytics-with-the-Augmented-Dynamic
-Adaptive-Model--ADAM-_files/Svetunkov--2023----Forecasting-and-Analytics-with-
the-Augmented-Dynamic-Adaptive-Model--ADAM-_files/figure-latex/adamETSXMNMDSeat
States-1.pdf>] [228]
Chapter 11.
[229

] [230] [231] [232


] [233]

LaTeX Warning: Float too large for page by 82.3618pt on input line 7081.

[234]
Underfull \hbox (badness 10000) in paragraph at lines 7093--7095
[]\T1/lmr/m/n/10 (+20) Laplace, $\OMS/lmsy/m/n/10 L$ \T1/lmr/m/n/10 (+20) -- \T
1/lmtt/m/n/10 dlaplace(q=actuals, mu=fitted, scale=scale,
 []


Overfull \hbox (9.77373pt too wide) in paragraph at lines 7097--7099
[]\T1/lmr/m/n/10 (-20) Generalised Nor-mal, $[]$ -- \T1/lmtt/m/n/10 dgnorm(x=ac
tuals, mu=fitted, alpha=scale,
 []


Underfull \hbox (badness 10000) in paragraph at lines 7099--7101
[]\T1/lmr/m/n/10 (+20) Inverse Gaus-sian, $[]$ -- \T1/lmtt/m/n/10 dinvgauss(x=a
ctuals, mean=fitted,
 []


Overfull \hbox (7.45802pt too wide) in paragraph at lines 7103--7104
[]\T1/lmr/m/n/10 (-20) Gamma, $\OT1/lmr/m/n/10 (-20) ^^@$ \T1/lmr/m/n/10 (-20) 
-- \T1/lmtt/m/n/10 dgamma(x=actuals, shape=1/scale, scale=scale*fitted,
 []


Underfull \hbox (badness 3492) in paragraph at lines 7112--7114
[]\T1/lmr/m/n/10 (+20) Normal, $\OMS/lmsy/m/n/10 N$ \T1/lmr/m/n/10 (+20) -- \T1
/lmtt/m/n/10 dnorm(x=actuals, mean=fitted, sd=scale*fitted,
 []


Underfull \hbox (badness 10000) in paragraph at lines 7116--7118
[]\T1/lmr/m/n/10 (+20) S, $\OMS/lmsy/m/n/10 S$ \T1/lmr/m/n/10 (+20) -- \T1/lmtt
/m/n/10 ds(q=actuals, mu=fitted, scale=scale*sqrt(fitted),
 []


Overfull \hbox (72.77354pt too wide) in paragraph at lines 7118--7120
[]\T1/lmr/m/n/10 (-20) Generalised Nor-mal, $[]$ -- \T1/lmtt/m/n/10 dgnorm(x=ac
tuals, mu=fitted, alpha=scale*fitted^^Bbeta,
 []


Underfull \hbox (badness 10000) in paragraph at lines 7120--7122
[]\T1/lmr/m/n/10 (+20) Inverse Gaus-sian, $[]$ -- \T1/lmtt/m/n/10 dinvgauss(x=a
ctuals, mean=fitted,
 []


Overfull \hbox (7.45802pt too wide) in paragraph at lines 7124--7125
[]\T1/lmr/m/n/10 (-20) Gamma, $\OT1/lmr/m/n/10 (-20) ^^@$ \T1/lmr/m/n/10 (-20) 
-- \T1/lmtt/m/n/10 dgamma(x=actuals, shape=1/scale, scale=scale*fitted,
 []

[235


] [236] [237] [238] [239] [240] [241]
<Svetunkov--2023----Forecasting-and-Analytics-with-the-Augmented-Dynamic-Adapti
ve-Model--ADAM-_files/Svetunkov--2023----Forecasting-and-Analytics-with-the-Aug
mented-Dynamic-Adaptive-Model--ADAM-_files/figure-latex/adamModelsForecasts-1.p
df, id=3960, 538.01pt x 676.5275pt>
File: Svetunkov--2023----Forecasting-and-Analytics-with-the-Augmented-Dynamic-A
daptive-Model--ADAM-_files/Svetunkov--2023----Forecasting-and-Analytics-with-th
e-Augmented-Dynamic-Adaptive-Model--ADAM-_files/figure-latex/adamModelsForecast
s-1.pdf Graphic file (type pdf)
<use Svetunkov--2023----Forecasting-and-Analytics-with-the-Augmented-Dynamic-Ad
aptive-Model--ADAM-_files/Svetunkov--2023----Forecasting-and-Analytics-with-the
-Augmented-Dynamic-Adaptive-Model--ADAM-_files/figure-latex/adamModelsForecasts
-1.pdf>
Package pdftex.def Info: Svetunkov--2023----Forecasting-and-Analytics-with-the-
Augmented-Dynamic-Adaptive-Model--ADAM-_files/Svetunkov--2023----Forecasting-an
d-Analytics-with-the-Augmented-Dynamic-Adaptive-Model--ADAM-_files/figure-latex
/adamModelsForecasts-1.pdf  used on input line 7387.
(pdftex.def)             Requested size: 538.00868pt x 676.52583pt.
[242] [243 <./Svetunkov--2023----Forecasting-and-Analytics-with-the-Augmented-D
ynamic-Adaptive-Model--ADAM-_files/Svetunkov--2023----Forecasting-and-Analytics
-with-the-Augmented-Dynamic-Adaptive-Model--ADAM-_files/figure-latex/adamModels
Forecasts-1.pdf>] [244]
Underfull \vbox (badness 1158) has occurred while \output is active []

[245] [246] [247] [248] [249] [250] [251] [252] [253] [254] [255] [256] [257] [
258

]
Chapter 12.
[259] [260] [261] [262]
Overfull \hbox (31.49725pt too wide) has occurred while \output is active
\T1/lmr/m/sl/10 12.3.  USING EXPLANATORY VARIABLES FOR MULTIPLE SEASONALITIES \
T1/lmr/m/n/10 263
 []

[263] [264] [265]
<Svetunkov--2023----Forecasting-and-Analytics-with-the-Augmented-Dynamic-Adapti
ve-Model--ADAM-_files/Svetunkov--2023----Forecasting-and-Analytics-with-the-Aug
mented-Dynamic-Adaptive-Model--ADAM-_files/figure-latex/taylorSeries-1.pdf, id=
4276, 434.62375pt x 248.93pt>
File: Svetunkov--2023----Forecasting-and-Analytics-with-the-Augmented-Dynamic-A
daptive-Model--ADAM-_files/Svetunkov--2023----Forecasting-and-Analytics-with-th
e-Augmented-Dynamic-Adaptive-Model--ADAM-_files/figure-latex/taylorSeries-1.pdf
 Graphic file (type pdf)
<use Svetunkov--2023----Forecasting-and-Analytics-with-the-Augmented-Dynamic-Ad
aptive-Model--ADAM-_files/Svetunkov--2023----Forecasting-and-Analytics-with-the
-Augmented-Dynamic-Adaptive-Model--ADAM-_files/figure-latex/taylorSeries-1.pdf>

Package pdftex.def Info: Svetunkov--2023----Forecasting-and-Analytics-with-the-
Augmented-Dynamic-Adaptive-Model--ADAM-_files/Svetunkov--2023----Forecasting-an
d-Analytics-with-the-Augmented-Dynamic-Adaptive-Model--ADAM-_files/figure-latex
/taylorSeries-1.pdf  used on input line 8061.
(pdftex.def)             Requested size: 434.62268pt x 248.92938pt.
[266] [267 <./Svetunkov--2023----Forecasting-and-Analytics-with-the-Augmented-D
ynamic-Adaptive-Model--ADAM-_files/Svetunkov--2023----Forecasting-and-Analytics
-with-the-Augmented-Dynamic-Adaptive-Model--ADAM-_files/figure-latex/taylorSeri
es-1.pdf>]
<Svetunkov--2023----Forecasting-and-Analytics-with-the-Augmented-Dynamic-Adapti
ve-Model--ADAM-_files/Svetunkov--2023----Forecasting-and-Analytics-with-the-Aug
mented-Dynamic-Adaptive-Model--ADAM-_files/figure-latex/adamModelETSMNM12-1.pdf
, id=4297, 441.65pt x 394.47375pt>
File: Svetunkov--2023----Forecasting-and-Analytics-with-the-Augmented-Dynamic-A
daptive-Model--ADAM-_files/Svetunkov--2023----Forecasting-and-Analytics-with-th
e-Augmented-Dynamic-Adaptive-Model--ADAM-_files/figure-latex/adamModelETSMNM12-
1.pdf Graphic file (type pdf)
<use Svetunkov--2023----Forecasting-and-Analytics-with-the-Augmented-Dynamic-Ad
aptive-Model--ADAM-_files/Svetunkov--2023----Forecasting-and-Analytics-with-the
-Augmented-Dynamic-Adaptive-Model--ADAM-_files/figure-latex/adamModelETSMNM12-1
.pdf>
Package pdftex.def Info: Svetunkov--2023----Forecasting-and-Analytics-with-the-
Augmented-Dynamic-Adaptive-Model--ADAM-_files/Svetunkov--2023----Forecasting-an
d-Analytics-with-the-Augmented-Dynamic-Adaptive-Model--ADAM-_files/figure-latex
/adamModelETSMNM12-1.pdf  used on input line 8115.
(pdftex.def)             Requested size: 441.64891pt x 394.47278pt.
[268 <./Svetunkov--2023----Forecasting-and-Analytics-with-the-Augmented-Dynamic
-Adaptive-Model--ADAM-_files/Svetunkov--2023----Forecasting-and-Analytics-with-
the-Augmented-Dynamic-Adaptive-Model--ADAM-_files/figure-latex/adamModelETSMNM1
2-1.pdf>]
<Svetunkov--2023----Forecasting-and-Analytics-with-the-Augmented-Dynamic-Adapti
ve-Model--ADAM-_files/Svetunkov--2023----Forecasting-and-Analytics-with-the-Aug
mented-Dynamic-Adaptive-Model--ADAM-_files/figure-latex/adamModelETSMNM-1.pdf, 
id=4313, 407.5225pt x 256.96pt>
File: Svetunkov--2023----Forecasting-and-Analytics-with-the-Augmented-Dynamic-A
daptive-Model--ADAM-_files/Svetunkov--2023----Forecasting-and-Analytics-with-th
e-Augmented-Dynamic-Adaptive-Model--ADAM-_files/figure-latex/adamModelETSMNM-1.
pdf Graphic file (type pdf)
<use Svetunkov--2023----Forecasting-and-Analytics-with-the-Augmented-Dynamic-Ad
aptive-Model--ADAM-_files/Svetunkov--2023----Forecasting-and-Analytics-with-the
-Augmented-Dynamic-Adaptive-Model--ADAM-_files/figure-latex/adamModelETSMNM-1.p
df>
Package pdftex.def Info: Svetunkov--2023----Forecasting-and-Analytics-with-the-
Augmented-Dynamic-Adaptive-Model--ADAM-_files/Svetunkov--2023----Forecasting-an
d-Analytics-with-the-Augmented-Dynamic-Adaptive-Model--ADAM-_files/figure-latex
/adamModelETSMNM-1.pdf  used on input line 8131.
(pdftex.def)             Requested size: 407.5215pt x 256.95937pt.
[269 <./Svetunkov--2023----Forecasting-and-Analytics-with-the-Augmented-Dynamic
-Adaptive-Model--ADAM-_files/Svetunkov--2023----Forecasting-and-Analytics-with-
the-Augmented-Dynamic-Adaptive-Model--ADAM-_files/figure-latex/adamModelETSMNM-
1.pdf>]
Overfull \hbox (48.74886pt too wide) in paragraph at lines 8172--8172
[]\T1/lmtt/m/n/10 ## Information criteria are unavailable for the chosen loss &
 distribution.[] 
 []

<Svetunkov--2023----Forecasting-and-Analytics-with-the-Augmented-Dynamic-Adapti
ve-Model--ADAM-_files/Svetunkov--2023----Forecasting-and-Analytics-with-the-Aug
mented-Dynamic-Adaptive-Model--ADAM-_files/figure-latex/adamModelETSMNMGTMSE12-
1.pdf, id=4331, 441.65pt x 394.47375pt>
File: Svetunkov--2023----Forecasting-and-Analytics-with-the-Augmented-Dynamic-A
daptive-Model--ADAM-_files/Svetunkov--2023----Forecasting-and-Analytics-with-th
e-Augmented-Dynamic-Adaptive-Model--ADAM-_files/figure-latex/adamModelETSMNMGTM
SE12-1.pdf Graphic file (type pdf)
<use Svetunkov--2023----Forecasting-and-Analytics-with-the-Augmented-Dynamic-Ad
aptive-Model--ADAM-_files/Svetunkov--2023----Forecasting-and-Analytics-with-the
-Augmented-Dynamic-Adaptive-Model--ADAM-_files/figure-latex/adamModelETSMNMGTMS
E12-1.pdf>
Package pdftex.def Info: Svetunkov--2023----Forecasting-and-Analytics-with-the-
Augmented-Dynamic-Adaptive-Model--ADAM-_files/Svetunkov--2023----Forecasting-an
d-Analytics-with-the-Augmented-Dynamic-Adaptive-Model--ADAM-_files/figure-latex
/adamModelETSMNMGTMSE12-1.pdf  used on input line 8184.
(pdftex.def)             Requested size: 441.64891pt x 394.47278pt.

Overfull \hbox (32.9989pt too wide) in paragraph at lines 8235--8235
[]\T1/lmtt/m/n/10 ## Model estimated using adam() function: ETS(MNM)[48, 336]+A
RIMA(1,0,0)[] 
 []

[270] [271 <./Svetunkov--2023----Forecasting-and-Analytics-with-the-Augmented-D
ynamic-Adaptive-Model--ADAM-_files/Svetunkov--2023----Forecasting-and-Analytics
-with-the-Augmented-Dynamic-Adaptive-Model--ADAM-_files/figure-latex/adamModelE
TSMNMGTMSE12-1.pdf>]
Overfull \vbox (0.92897pt too high) detected at line 8249
 []

[272]
<Svetunkov--2023----Forecasting-and-Analytics-with-the-Augmented-Dynamic-Adapti
ve-Model--ADAM-_files/Svetunkov--2023----Forecasting-and-Analytics-with-the-Aug
mented-Dynamic-Adaptive-Model--ADAM-_files/figure-latex/adamETSXMNN121-1.pdf, i
d=4362, 436.63126pt x 248.93pt>
File: Svetunkov--2023----Forecasting-and-Analytics-with-the-Augmented-Dynamic-A
daptive-Model--ADAM-_files/Svetunkov--2023----Forecasting-and-Analytics-with-th
e-Augmented-Dynamic-Adaptive-Model--ADAM-_files/figure-latex/adamETSXMNN121-1.p
df Graphic file (type pdf)
<use Svetunkov--2023----Forecasting-and-Analytics-with-the-Augmented-Dynamic-Ad
aptive-Model--ADAM-_files/Svetunkov--2023----Forecasting-and-Analytics-with-the
-Augmented-Dynamic-Adaptive-Model--ADAM-_files/figure-latex/adamETSXMNN121-1.pd
f>
Package pdftex.def Info: Svetunkov--2023----Forecasting-and-Analytics-with-the-
Augmented-Dynamic-Adaptive-Model--ADAM-_files/Svetunkov--2023----Forecasting-an
d-Analytics-with-the-Augmented-Dynamic-Adaptive-Model--ADAM-_files/figure-latex
/adamETSXMNN121-1.pdf  used on input line 8301.
(pdftex.def)             Requested size: 436.63019pt x 248.92938pt.
[273]
Overfull \hbox (48.74886pt too wide) in paragraph at lines 8335--8335
[]\T1/lmtt/m/n/10 ## Information criteria are unavailable for the chosen loss &
 distribution.[] 
 []

[274 <./Svetunkov--2023----Forecasting-and-Analytics-with-the-Augmented-Dynamic
-Adaptive-Model--ADAM-_files/Svetunkov--2023----Forecasting-and-Analytics-with-
the-Augmented-Dynamic-Adaptive-Model--ADAM-_files/figure-latex/adamETSXMNN121-1
.pdf>]
Overfull \hbox (48.74886pt too wide) in paragraph at lines 8368--8368
[]\T1/lmtt/m/n/10 ## Information criteria are unavailable for the chosen loss &
 distribution.[] 
 []

[275]
Overfull \hbox (22.49893pt too wide) in paragraph at lines 8406--8406
[]\T1/lmtt/m/n/10 ## Model estimated using adam() function: SARIMA(0,1,1)[1](0,
1,1)[336][] 
 []

<Svetunkov--2023----Forecasting-and-Analytics-with-the-Augmented-Dynamic-Adapti
ve-Model--ADAM-_files/Svetunkov--2023----Forecasting-and-Analytics-with-the-Aug
mented-Dynamic-Adaptive-Model--ADAM-_files/figure-latex/adamARIMAQQPlot-1.pdf, 
id=4386, 436.63126pt x 283.0575pt>
File: Svetunkov--2023----Forecasting-and-Analytics-with-the-Augmented-Dynamic-A
daptive-Model--ADAM-_files/Svetunkov--2023----Forecasting-and-Analytics-with-th
e-Augmented-Dynamic-Adaptive-Model--ADAM-_files/figure-latex/adamARIMAQQPlot-1.
pdf Graphic file (type pdf)
<use Svetunkov--2023----Forecasting-and-Analytics-with-the-Augmented-Dynamic-Ad
aptive-Model--ADAM-_files/Svetunkov--2023----Forecasting-and-Analytics-with-the
-Augmented-Dynamic-Adaptive-Model--ADAM-_files/figure-latex/adamARIMAQQPlot-1.p
df>
Package pdftex.def Info: Svetunkov--2023----Forecasting-and-Analytics-with-the-
Augmented-Dynamic-Adaptive-Model--ADAM-_files/Svetunkov--2023----Forecasting-an
d-Analytics-with-the-Augmented-Dynamic-Adaptive-Model--ADAM-_files/figure-latex
/adamARIMAQQPlot-1.pdf  used on input line 8418.
(pdftex.def)             Requested size: 436.63019pt x 283.0568pt.

Overfull \hbox (22.49893pt too wide) in paragraph at lines 8454--8454
[]\T1/lmtt/m/n/10 ## Model estimated using adam() function: SARIMA(0,1,1)[1](0,
1,1)[336][] 
 []

[276]
Overfull \hbox (43.49887pt too wide) in paragraph at lines 8454--8454
[]\T1/lmtt/m/n/10 ## Distribution assumed in the model: Generalised Normal with
 shape=0.9718[] 
 []

[277 <./Svetunkov--2023----Forecasting-and-Analytics-with-the-Augmented-Dynamic
-Adaptive-Model--ADAM-_files/Svetunkov--2023----Forecasting-and-Analytics-with-
the-Augmented-Dynamic-Adaptive-Model--ADAM-_files/figure-latex/adamARIMAQQPlot-
1.pdf>]
<Svetunkov--2023----Forecasting-and-Analytics-with-the-Augmented-Dynamic-Adapti
ve-Model--ADAM-_files/Svetunkov--2023----Forecasting-and-Analytics-with-the-Aug
mented-Dynamic-Adaptive-Model--ADAM-_files/figure-latex/adamARIMA-1.pdf, id=440
9, 407.5225pt x 256.96pt>
File: Svetunkov--2023----Forecasting-and-Analytics-with-the-Augmented-Dynamic-A
daptive-Model--ADAM-_files/Svetunkov--2023----Forecasting-and-Analytics-with-th
e-Augmented-Dynamic-Adaptive-Model--ADAM-_files/figure-latex/adamARIMA-1.pdf Gr
aphic file (type pdf)
<use Svetunkov--2023----Forecasting-and-Analytics-with-the-Augmented-Dynamic-Ad
aptive-Model--ADAM-_files/Svetunkov--2023----Forecasting-and-Analytics-with-the
-Augmented-Dynamic-Adaptive-Model--ADAM-_files/figure-latex/adamARIMA-1.pdf>
Package pdftex.def Info: Svetunkov--2023----Forecasting-and-Analytics-with-the-
Augmented-Dynamic-Adaptive-Model--ADAM-_files/Svetunkov--2023----Forecasting-an
d-Analytics-with-the-Augmented-Dynamic-Adaptive-Model--ADAM-_files/figure-latex
/adamARIMA-1.pdf  used on input line 8468.
(pdftex.def)             Requested size: 407.5215pt x 256.95937pt.
[278 <./Svetunkov--2023----Forecasting-and-Analytics-with-the-Augmented-Dynamic
-Adaptive-Model--ADAM-_files/Svetunkov--2023----Forecasting-and-Analytics-with-
the-Augmented-Dynamic-Adaptive-Model--ADAM-_files/figure-latex/adamARIMA-1.pdf>
]
Chapter 13.
[279

]
Underfull \vbox (badness 3919) has occurred while \output is active []

[280]
<Svetunkov--2023----Forecasting-and-Analytics-with-the-Augmented-Dynamic-Adapti
ve-Model--ADAM-_files/Svetunkov--2023----Forecasting-and-Analytics-with-the-Aug
mented-Dynamic-Adaptive-Model--ADAM-_files/figure-latex/intermittentExamplePlot
-1.pdf, id=4450, 436.63126pt x 248.93pt>
File: Svetunkov--2023----Forecasting-and-Analytics-with-the-Augmented-Dynamic-A
daptive-Model--ADAM-_files/Svetunkov--2023----Forecasting-and-Analytics-with-th
e-Augmented-Dynamic-Adaptive-Model--ADAM-_files/figure-latex/intermittentExampl
ePlot-1.pdf Graphic file (type pdf)
<use Svetunkov--2023----Forecasting-and-Analytics-with-the-Augmented-Dynamic-Ad
aptive-Model--ADAM-_files/Svetunkov--2023----Forecasting-and-Analytics-with-the
-Augmented-Dynamic-Adaptive-Model--ADAM-_files/figure-latex/intermittentExample
Plot-1.pdf>
Package pdftex.def Info: Svetunkov--2023----Forecasting-and-Analytics-with-the-
Augmented-Dynamic-Adaptive-Model--ADAM-_files/Svetunkov--2023----Forecasting-an
d-Analytics-with-the-Augmented-Dynamic-Adaptive-Model--ADAM-_files/figure-latex
/intermittentExamplePlot-1.pdf  used on input line 8532.
(pdftex.def)             Requested size: 436.63019pt x 248.92938pt.
[281] [282 <./Svetunkov--2023----Forecasting-and-Analytics-with-the-Augmented-D
ynamic-Adaptive-Model--ADAM-_files/Svetunkov--2023----Forecasting-and-Analytics
-with-the-Augmented-Dynamic-Adaptive-Model--ADAM-_files/figure-latex/intermitte
ntExamplePlot-1.pdf>]
Overfull \hbox (43.49887pt too wide) in paragraph at lines 8585--8585
[]\T1/lmtt/m/n/10 ## Asymmetry: 100%; sMSE: 15.281%; rRMSE: Inf; sPIS: -2150%; 
sCE: 390.909%[] 
 []

<Svetunkov--2023----Forecasting-and-Analytics-with-the-Augmented-Dynamic-Adapti
ve-Model--ADAM-_files/Svetunkov--2023----Forecasting-and-Analytics-with-the-Aug
mented-Dynamic-Adaptive-Model--ADAM-_files/figure-latex/oETSFModel-1.pdf, id=44
75, 407.5225pt x 253.94875pt>
File: Svetunkov--2023----Forecasting-and-Analytics-with-the-Augmented-Dynamic-A
daptive-Model--ADAM-_files/Svetunkov--2023----Forecasting-and-Analytics-with-th
e-Augmented-Dynamic-Adaptive-Model--ADAM-_files/figure-latex/oETSFModel-1.pdf G
raphic file (type pdf)
<use Svetunkov--2023----Forecasting-and-Analytics-with-the-Augmented-Dynamic-Ad
aptive-Model--ADAM-_files/Svetunkov--2023----Forecasting-and-Analytics-with-the
-Augmented-Dynamic-Adaptive-Model--ADAM-_files/figure-latex/oETSFModel-1.pdf>
Package pdftex.def Info: Svetunkov--2023----Forecasting-and-Analytics-with-the-
Augmented-Dynamic-Adaptive-Model--ADAM-_files/Svetunkov--2023----Forecasting-an
d-Analytics-with-the-Augmented-Dynamic-Adaptive-Model--ADAM-_files/figure-latex
/oETSFModel-1.pdf  used on input line 8597.
(pdftex.def)             Requested size: 407.5215pt x 253.94812pt.
[283 <./Svetunkov--2023----Forecasting-and-Analytics-with-the-Augmented-Dynamic
-Adaptive-Model--ADAM-_files/Svetunkov--2023----Forecasting-and-Analytics-with-
the-Augmented-Dynamic-Adaptive-Model--ADAM-_files/figure-latex/oETSFModel-1.pdf
>] [284]
Overfull \hbox (48.74886pt too wide) in paragraph at lines 8667--8667
[]\T1/lmtt/m/n/10 ## Asymmetry: 100%; sMSE: 0.433%; rRMSE: Inf; sPIS: -362.089%
; sCE: 65.834%[] 
 []

<Svetunkov--2023----Forecasting-and-Analytics-with-the-Augmented-Dynamic-Adapti
ve-Model--ADAM-_files/Svetunkov--2023----Forecasting-and-Analytics-with-the-Aug
mented-Dynamic-Adaptive-Model--ADAM-_files/figure-latex/oETSOModel-1.pdf, id=45
08, 407.5225pt x 253.94875pt>
File: Svetunkov--2023----Forecasting-and-Analytics-with-the-Augmented-Dynamic-A
daptive-Model--ADAM-_files/Svetunkov--2023----Forecasting-and-Analytics-with-th
e-Augmented-Dynamic-Adaptive-Model--ADAM-_files/figure-latex/oETSOModel-1.pdf G
raphic file (type pdf)
<use Svetunkov--2023----Forecasting-and-Analytics-with-the-Augmented-Dynamic-Ad
aptive-Model--ADAM-_files/Svetunkov--2023----Forecasting-and-Analytics-with-the
-Augmented-Dynamic-Adaptive-Model--ADAM-_files/figure-latex/oETSOModel-1.pdf>
Package pdftex.def Info: Svetunkov--2023----Forecasting-and-Analytics-with-the-
Augmented-Dynamic-Adaptive-Model--ADAM-_files/Svetunkov--2023----Forecasting-an
d-Analytics-with-the-Augmented-Dynamic-Adaptive-Model--ADAM-_files/figure-latex
/oETSOModel-1.pdf  used on input line 8673.
(pdftex.def)             Requested size: 407.5215pt x 253.94812pt.

Underfull \hbox (badness 1009) in paragraph at lines 8674--8674
[]\T1/lmr/m/n/10 (+20) Figure 13.3: [][]Demand oc-cur-rence and prob-a-bil-ity 
of oc-cur-rence in the
 []


Underfull \vbox (badness 10000) has occurred while \output is active []

[285] [286 <./Svetunkov--2023----Forecasting-and-Analytics-with-the-Augmented-D
ynamic-Adaptive-Model--ADAM-_files/Svetunkov--2023----Forecasting-and-Analytics
-with-the-Augmented-Dynamic-Adaptive-Model--ADAM-_files/figure-latex/oETSOModel
-1.pdf>]
Overfull \hbox (48.74886pt too wide) in paragraph at lines 8742--8742
[]\T1/lmtt/m/n/10 ## Asymmetry: 100%; sMSE: 0.854%; rRMSE: Inf; sPIS: -533.258%
; sCE: 91.886%[] 
 []

[287]
<Svetunkov--2023----Forecasting-and-Analytics-with-the-Augmented-Dynamic-Adapti
ve-Model--ADAM-_files/Svetunkov--2023----Forecasting-and-Analytics-with-the-Aug
mented-Dynamic-Adaptive-Model--ADAM-_files/figure-latex/oETSIModel-1.pdf, id=45
47, 407.5225pt x 253.94875pt>
File: Svetunkov--2023----Forecasting-and-Analytics-with-the-Augmented-Dynamic-A
daptive-Model--ADAM-_files/Svetunkov--2023----Forecasting-and-Analytics-with-th
e-Augmented-Dynamic-Adaptive-Model--ADAM-_files/figure-latex/oETSIModel-1.pdf G
raphic file (type pdf)
<use Svetunkov--2023----Forecasting-and-Analytics-with-the-Augmented-Dynamic-Ad
aptive-Model--ADAM-_files/Svetunkov--2023----Forecasting-and-Analytics-with-the
-Augmented-Dynamic-Adaptive-Model--ADAM-_files/figure-latex/oETSIModel-1.pdf>
Package pdftex.def Info: Svetunkov--2023----Forecasting-and-Analytics-with-the-
Augmented-Dynamic-Adaptive-Model--ADAM-_files/Svetunkov--2023----Forecasting-an
d-Analytics-with-the-Augmented-Dynamic-Adaptive-Model--ADAM-_files/figure-latex
/oETSIModel-1.pdf  used on input line 8746.
(pdftex.def)             Requested size: 407.5215pt x 253.94812pt.

Underfull \hbox (badness 1009) in paragraph at lines 8747--8747
[]\T1/lmr/m/n/10 (+20) Figure 13.4: [][]Demand oc-cur-rence and prob-a-bil-ity 
of oc-cur-rence in the
 []

[288 <./Svetunkov--2023----Forecasting-and-Analytics-with-the-Augmented-Dynamic
-Adaptive-Model--ADAM-_files/Svetunkov--2023----Forecasting-and-Analytics-with-
the-Augmented-Dynamic-Adaptive-Model--ADAM-_files/figure-latex/oETSIModel-1.pdf
>]
Underfull \vbox (badness 10000) has occurred while \output is active []

[289] [290]
<Svetunkov--2023----Forecasting-and-Analytics-with-the-Augmented-Dynamic-Adapti
ve-Model--ADAM-_files/Svetunkov--2023----Forecasting-and-Analytics-with-the-Aug
mented-Dynamic-Adaptive-Model--ADAM-_files/figure-latex/oETSGModel-1.pdf, id=45
86, 407.5225pt x 253.94875pt>
File: Svetunkov--2023----Forecasting-and-Analytics-with-the-Augmented-Dynamic-A
daptive-Model--ADAM-_files/Svetunkov--2023----Forecasting-and-Analytics-with-th
e-Augmented-Dynamic-Adaptive-Model--ADAM-_files/figure-latex/oETSGModel-1.pdf G
raphic file (type pdf)
<use Svetunkov--2023----Forecasting-and-Analytics-with-the-Augmented-Dynamic-Ad
aptive-Model--ADAM-_files/Svetunkov--2023----Forecasting-and-Analytics-with-the
-Augmented-Dynamic-Adaptive-Model--ADAM-_files/figure-latex/oETSGModel-1.pdf>
Package pdftex.def Info: Svetunkov--2023----Forecasting-and-Analytics-with-the-
Augmented-Dynamic-Adaptive-Model--ADAM-_files/Svetunkov--2023----Forecasting-an
d-Analytics-with-the-Augmented-Dynamic-Adaptive-Model--ADAM-_files/figure-latex
/oETSGModel-1.pdf  used on input line 8850.
(pdftex.def)             Requested size: 407.5215pt x 253.94812pt.

Underfull \hbox (badness 1009) in paragraph at lines 8851--8851
[]\T1/lmr/m/n/10 (+20) Figure 13.5: [][]Demand oc-cur-rence and prob-a-bil-ity 
of oc-cur-rence in the
 []

[291 <./Svetunkov--2023----Forecasting-and-Analytics-with-the-Augmented-Dynamic
-Adaptive-Model--ADAM-_files/Svetunkov--2023----Forecasting-and-Analytics-with-
the-Augmented-Dynamic-Adaptive-Model--ADAM-_files/figure-latex/oETSGModel-1.pdf
>] [292] [293]
Overfull \hbox (48.74886pt too wide) in paragraph at lines 8978--8978
[]\T1/lmtt/m/n/10 ## Asymmetry: 100%; sMSE: 0.059%; rRMSE: Inf; sPIS: -133.033%
; sCE: 24.188%[] 
 []

<Svetunkov--2023----Forecasting-and-Analytics-with-the-Augmented-Dynamic-Adapti
ve-Model--ADAM-_files/Svetunkov--2023----Forecasting-and-Analytics-with-the-Aug
mented-Dynamic-Adaptive-Model--ADAM-_files/figure-latex/oETSDModel-1.pdf, id=46
28, 407.5225pt x 253.94875pt>
File: Svetunkov--2023----Forecasting-and-Analytics-with-the-Augmented-Dynamic-A
daptive-Model--ADAM-_files/Svetunkov--2023----Forecasting-and-Analytics-with-th
e-Augmented-Dynamic-Adaptive-Model--ADAM-_files/figure-latex/oETSDModel-1.pdf G
raphic file (type pdf)
<use Svetunkov--2023----Forecasting-and-Analytics-with-the-Augmented-Dynamic-Ad
aptive-Model--ADAM-_files/Svetunkov--2023----Forecasting-and-Analytics-with-the
-Augmented-Dynamic-Adaptive-Model--ADAM-_files/figure-latex/oETSDModel-1.pdf>
Package pdftex.def Info: Svetunkov--2023----Forecasting-and-Analytics-with-the-
Augmented-Dynamic-Adaptive-Model--ADAM-_files/Svetunkov--2023----Forecasting-an
d-Analytics-with-the-Augmented-Dynamic-Adaptive-Model--ADAM-_files/figure-latex
/oETSDModel-1.pdf  used on input line 8982.
(pdftex.def)             Requested size: 407.5215pt x 253.94812pt.

Underfull \hbox (badness 1009) in paragraph at lines 8983--8983
[]\T1/lmr/m/n/10 (+20) Figure 13.6: [][]Demand oc-cur-rence and prob-a-bil-ity 
of oc-cur-rence in the
 []

<Svetunkov--2023----Forecasting-and-Analytics-with-the-Augmented-Dynamic-Adapti
ve-Model--ADAM-_files/Svetunkov--2023----Forecasting-and-Analytics-with-the-Aug
mented-Dynamic-Adaptive-Model--ADAM-_files/figure-latex/oETSModelSeries-1.pdf, 
id=4633, 462.72874pt x 314.17375pt>
File: Svetunkov--2023----Forecasting-and-Analytics-with-the-Augmented-Dynamic-A
daptive-Model--ADAM-_files/Svetunkov--2023----Forecasting-and-Analytics-with-th
e-Augmented-Dynamic-Adaptive-Model--ADAM-_files/figure-latex/oETSModelSeries-1.
pdf Graphic file (type pdf)
<use Svetunkov--2023----Forecasting-and-Analytics-with-the-Augmented-Dynamic-Ad
aptive-Model--ADAM-_files/Svetunkov--2023----Forecasting-and-Analytics-with-the
-Augmented-Dynamic-Adaptive-Model--ADAM-_files/figure-latex/oETSModelSeries-1.p
df>
Package pdftex.def Info: Svetunkov--2023----Forecasting-and-Analytics-with-the-
Augmented-Dynamic-Adaptive-Model--ADAM-_files/Svetunkov--2023----Forecasting-an
d-Analytics-with-the-Augmented-Dynamic-Adaptive-Model--ADAM-_files/figure-latex
/oETSModelSeries-1.pdf  used on input line 8996.
(pdftex.def)             Requested size: 462.72762pt x 314.17297pt.
[294 <./Svetunkov--2023----Forecasting-and-Analytics-with-the-Augmented-Dynamic
-Adaptive-Model--ADAM-_files/Svetunkov--2023----Forecasting-and-Analytics-with-
the-Augmented-Dynamic-Adaptive-Model--ADAM-_files/figure-latex/oETSDModel-1.pdf
>] [295 <./Svetunkov--2023----Forecasting-and-Analytics-with-the-Augmented-Dyna
mic-Adaptive-Model--ADAM-_files/Svetunkov--2023----Forecasting-and-Analytics-wi
th-the-Augmented-Dynamic-Adaptive-Model--ADAM-_files/figure-latex/oETSModelSeri
es-1.pdf>]
Underfull \vbox (badness 2941) has occurred while \output is active []

[296] [297] [298] [299] [300]
<Svetunkov--2023----Forecasting-and-Analytics-with-the-Augmented-Dynamic-Adapti
ve-Model--ADAM-_files/Svetunkov--2023----Forecasting-and-Analytics-with-the-Aug
mented-Dynamic-Adaptive-Model--ADAM-_files/figure-latex/fixedDemandSizes-1.pdf,
 id=4747, 436.63126pt x 248.93pt>
File: Svetunkov--2023----Forecasting-and-Analytics-with-the-Augmented-Dynamic-A
daptive-Model--ADAM-_files/Svetunkov--2023----Forecasting-and-Analytics-with-th
e-Augmented-Dynamic-Adaptive-Model--ADAM-_files/figure-latex/fixedDemandSizes-1
.pdf Graphic file (type pdf)
<use Svetunkov--2023----Forecasting-and-Analytics-with-the-Augmented-Dynamic-Ad
aptive-Model--ADAM-_files/Svetunkov--2023----Forecasting-and-Analytics-with-the
-Augmented-Dynamic-Adaptive-Model--ADAM-_files/figure-latex/fixedDemandSizes-1.
pdf>
Package pdftex.def Info: Svetunkov--2023----Forecasting-and-Analytics-with-the-
Augmented-Dynamic-Adaptive-Model--ADAM-_files/Svetunkov--2023----Forecasting-an
d-Analytics-with-the-Augmented-Dynamic-Adaptive-Model--ADAM-_files/figure-latex
/fixedDemandSizes-1.pdf  used on input line 9162.
(pdftex.def)             Requested size: 436.63019pt x 248.92938pt.
[301 <./Svetunkov--2023----Forecasting-and-Analytics-with-the-Augmented-Dynamic
-Adaptive-Model--ADAM-_files/Svetunkov--2023----Forecasting-and-Analytics-with-
the-Augmented-Dynamic-Adaptive-Model--ADAM-_files/figure-latex/fixedDemandSizes
-1.pdf>] [302] [303] [304] [305]
Overfull \hbox (64.49881pt too wide) in paragraph at lines 9375--9375
[]\T1/lmtt/m/n/10 ##         odds-ratio inverse-odds-ratio             direct  
          general[] 
 []


Overfull \hbox (64.49881pt too wide) in paragraph at lines 9375--9375
[]\T1/lmtt/m/n/10 ##           398.3674           407.5351           395.4822  
         398.3975[] 
 []

[306]
<Svetunkov--2023----Forecasting-and-Analytics-with-the-Augmented-Dynamic-Adapti
ve-Model--ADAM-_files/Svetunkov--2023----Forecasting-and-Analytics-with-the-Aug
mented-Dynamic-Adaptive-Model--ADAM-_files/figure-latex/adamModelsiETSBest-1.pd
f, id=4858, 453.695pt x 314.17375pt>
File: Svetunkov--2023----Forecasting-and-Analytics-with-the-Augmented-Dynamic-A
daptive-Model--ADAM-_files/Svetunkov--2023----Forecasting-and-Analytics-with-th
e-Augmented-Dynamic-Adaptive-Model--ADAM-_files/figure-latex/adamModelsiETSBest
-1.pdf Graphic file (type pdf)
<use Svetunkov--2023----Forecasting-and-Analytics-with-the-Augmented-Dynamic-Ad
aptive-Model--ADAM-_files/Svetunkov--2023----Forecasting-and-Analytics-with-the
-Augmented-Dynamic-Adaptive-Model--ADAM-_files/figure-latex/adamModelsiETSBest-
1.pdf>
Package pdftex.def Info: Svetunkov--2023----Forecasting-and-Analytics-with-the-
Augmented-Dynamic-Adaptive-Model--ADAM-_files/Svetunkov--2023----Forecasting-an
d-Analytics-with-the-Augmented-Dynamic-Adaptive-Model--ADAM-_files/figure-latex
/adamModelsiETSBest-1.pdf  used on input line 9390.
(pdftex.def)             Requested size: 453.6939pt x 314.17297pt.
[307 <./Svetunkov--2023----Forecasting-and-Analytics-with-the-Augmented-Dynamic
-Adaptive-Model--ADAM-_files/Svetunkov--2023----Forecasting-and-Analytics-with-
the-Augmented-Dynamic-Adaptive-Model--ADAM-_files/figure-latex/adamModelsiETSBe
st-1.pdf>]
Overfull \hbox (48.74886pt too wide) in paragraph at lines 9422--9422
[]\T1/lmtt/m/n/10 ## Asymmetry: 100%; sMSE: 0.058%; rRMSE: Inf; sPIS: -133.017%
; sCE: 24.185%[] 
 []


Overfull \hbox (38.24889pt too wide) in paragraph at lines 9464--9464
[]\T1/lmtt/m/n/10 ## Distribution assumed in the model: Mixture of Bernoulli an
d Log-Normal[] 
 []

[308]
Overfull \hbox (90.74873pt too wide) in paragraph at lines 9464--9464
[]\T1/lmtt/m/n/10 ## Asymmetry: 45.292%; sMSE: 55.286%; rRMSE: 0.972; sPIS: -20
40.157%; sCE: 298.239%[] 
 []


Overfull \hbox (11.99896pt too wide) in paragraph at lines 9497--9497
[]\T1/lmtt/m/n/10 ## Distribution assumed in the model: Mixture of Bernoulli an
d Gamma[] 
 []


Overfull \hbox (80.24876pt too wide) in paragraph at lines 9497--9497
[]\T1/lmtt/m/n/10 ## Asymmetry: 2.365%; sMSE: 51.095%; rRMSE: 0.935; sPIS: -100
9.348%; sCE: 51.131%[] 
 []

[309]
<Svetunkov--2023----Forecasting-and-Analytics-with-the-Augmented-Dynamic-Adapti
ve-Model--ADAM-_files/Svetunkov--2023----Forecasting-and-Analytics-with-the-Aug
mented-Dynamic-Adaptive-Model--ADAM-_files/figure-latex/adamiETSyForecasts-1.pd
f, id=4883, 407.5225pt x 253.94875pt>
File: Svetunkov--2023----Forecasting-and-Analytics-with-the-Augmented-Dynamic-A
daptive-Model--ADAM-_files/Svetunkov--2023----Forecasting-and-Analytics-with-th
e-Augmented-Dynamic-Adaptive-Model--ADAM-_files/figure-latex/adamiETSyForecasts
-1.pdf Graphic file (type pdf)
<use Svetunkov--2023----Forecasting-and-Analytics-with-the-Augmented-Dynamic-Ad
aptive-Model--ADAM-_files/Svetunkov--2023----Forecasting-and-Analytics-with-the
-Augmented-Dynamic-Adaptive-Model--ADAM-_files/figure-latex/adamiETSyForecasts-
1.pdf>
Package pdftex.def Info: Svetunkov--2023----Forecasting-and-Analytics-with-the-
Augmented-Dynamic-Adaptive-Model--ADAM-_files/Svetunkov--2023----Forecasting-an
d-Analytics-with-the-Augmented-Dynamic-Adaptive-Model--ADAM-_files/figure-latex
/adamiETSyForecasts-1.pdf  used on input line 9521.
(pdftex.def)             Requested size: 407.5215pt x 253.94812pt.
[310 <./Svetunkov--2023----Forecasting-and-Analytics-with-the-Augmented-Dynamic
-Adaptive-Model--ADAM-_files/Svetunkov--2023----Forecasting-and-Analytics-with-
the-Augmented-Dynamic-Adaptive-Model--ADAM-_files/figure-latex/adamiETSyForecas
ts-1.pdf>] [311] [312]
Chapter 14.
[313

]
<Svetunkov--2023----Forecasting-and-Analytics-with-the-Augmented-Dynamic-Adapti
ve-Model--ADAM-_files/Svetunkov--2023----Forecasting-and-Analytics-with-the-Aug
mented-Dynamic-Adaptive-Model--ADAM-_files/figure-latex/adamSeat01-1.pdf, id=49
52, 407.5225pt x 219.82124pt>
File: Svetunkov--2023----Forecasting-and-Analytics-with-the-Augmented-Dynamic-A
daptive-Model--ADAM-_files/Svetunkov--2023----Forecasting-and-Analytics-with-th
e-Augmented-Dynamic-Adaptive-Model--ADAM-_files/figure-latex/adamSeat01-1.pdf G
raphic file (type pdf)
<use Svetunkov--2023----Forecasting-and-Analytics-with-the-Augmented-Dynamic-Ad
aptive-Model--ADAM-_files/Svetunkov--2023----Forecasting-and-Analytics-with-the
-Augmented-Dynamic-Adaptive-Model--ADAM-_files/figure-latex/adamSeat01-1.pdf>
Package pdftex.def Info: Svetunkov--2023----Forecasting-and-Analytics-with-the-
Augmented-Dynamic-Adaptive-Model--ADAM-_files/Svetunkov--2023----Forecasting-an
d-Analytics-with-the-Augmented-Dynamic-Adaptive-Model--ADAM-_files/figure-latex
/adamSeat01-1.pdf  used on input line 9621.
(pdftex.def)             Requested size: 407.5215pt x 219.8207pt.

Underfull \vbox (badness 10000) has occurred while \output is active []

[314 <./Svetunkov--2023----Forecasting-and-Analytics-with-the-Augmented-Dynamic
-Adaptive-Model--ADAM-_files/Svetunkov--2023----Forecasting-and-Analytics-with-
the-Augmented-Dynamic-Adaptive-Model--ADAM-_files/figure-latex/adamSeat01-1.pdf
>]
<Svetunkov--2023----Forecasting-and-Analytics-with-the-Augmented-Dynamic-Adapti
ve-Model--ADAM-_files/Svetunkov--2023----Forecasting-and-Analytics-with-the-Aug
mented-Dynamic-Adaptive-Model--ADAM-_files/figure-latex/carSeatsSpread-1.pdf, i
d=4971, 459.7175pt x 306.14375pt>
File: Svetunkov--2023----Forecasting-and-Analytics-with-the-Augmented-Dynamic-A
daptive-Model--ADAM-_files/Svetunkov--2023----Forecasting-and-Analytics-with-th
e-Augmented-Dynamic-Adaptive-Model--ADAM-_files/figure-latex/carSeatsSpread-1.p
df Graphic file (type pdf)
<use Svetunkov--2023----Forecasting-and-Analytics-with-the-Augmented-Dynamic-Ad
aptive-Model--ADAM-_files/Svetunkov--2023----Forecasting-and-Analytics-with-the
-Augmented-Dynamic-Adaptive-Model--ADAM-_files/figure-latex/carSeatsSpread-1.pd
f>
Package pdftex.def Info: Svetunkov--2023----Forecasting-and-Analytics-with-the-
Augmented-Dynamic-Adaptive-Model--ADAM-_files/Svetunkov--2023----Forecasting-an
d-Analytics-with-the-Augmented-Dynamic-Adaptive-Model--ADAM-_files/figure-latex
/carSeatsSpread-1.pdf  used on input line 9652.
(pdftex.def)             Requested size: 459.71637pt x 306.14299pt.
[315]
Overfull \hbox (27.74892pt too wide) in paragraph at lines 9694--9694
[]\T1/lmtt/m/n/10 ##               residuals DriversKilled  front   rear VanKil
led    law[] 
 []


Overfull \hbox (27.74892pt too wide) in paragraph at lines 9694--9694
[]\T1/lmtt/m/n/10 ## residuals        1.0000        0.7826 0.6121 0.4811    0.2
751 0.1892[] 
 []


Overfull \hbox (27.74892pt too wide) in paragraph at lines 9694--9694
[]\T1/lmtt/m/n/10 ## DriversKilled    0.7826        1.0000 0.7068 0.3534    0.4
070 0.3285[] 
 []


Overfull \hbox (27.74892pt too wide) in paragraph at lines 9694--9694
[]\T1/lmtt/m/n/10 ## front            0.6121        0.7068 1.0000 0.6202    0.4
724 0.5624[] 
 []


Overfull \hbox (27.74892pt too wide) in paragraph at lines 9694--9694
[]\T1/lmtt/m/n/10 ## rear             0.4811        0.3534 0.6202 1.0000    0.1
218 0.0291[] 
 []


Overfull \hbox (27.74892pt too wide) in paragraph at lines 9694--9694
[]\T1/lmtt/m/n/10 ## VanKilled        0.2751        0.4070 0.4724 0.1218    1.0
000 0.3949[] 
 []


Overfull \hbox (27.74892pt too wide) in paragraph at lines 9694--9694
[]\T1/lmtt/m/n/10 ## law              0.1892        0.3285 0.5624 0.0291    0.3
949 1.0000[] 
 []

[316 <./Svetunkov--2023----Forecasting-and-Analytics-with-the-Augmented-Dynamic
-Adaptive-Model--ADAM-_files/Svetunkov--2023----Forecasting-and-Analytics-with-
the-Augmented-Dynamic-Adaptive-Model--ADAM-_files/figure-latex/carSeatsSpread-1
.pdf>]
Overfull \hbox (22.49893pt too wide) in paragraph at lines 9694--9694
[]\T1/lmtt/m/n/10 ##               residuals DriversKilled front   rear VanKill
ed    law[] 
 []


Overfull \hbox (22.49893pt too wide) in paragraph at lines 9694--9694
[]\T1/lmtt/m/n/10 ## residuals        0.0000             0     0 0.0000    0.00
01 0.0086[] 
 []


Overfull \hbox (22.49893pt too wide) in paragraph at lines 9694--9694
[]\T1/lmtt/m/n/10 ## DriversKilled    0.0000             0     0 0.0000    0.00
00 0.0000[] 
 []


Overfull \hbox (22.49893pt too wide) in paragraph at lines 9694--9694
[]\T1/lmtt/m/n/10 ## front            0.0000             0     0 0.0000    0.00
00 0.0000[] 
 []


Overfull \hbox (22.49893pt too wide) in paragraph at lines 9694--9694
[]\T1/lmtt/m/n/10 ## rear             0.0000             0     0 0.0000    0.09
25 0.6890[] 
 []


Overfull \hbox (22.49893pt too wide) in paragraph at lines 9694--9694
[]\T1/lmtt/m/n/10 ## VanKilled        0.0001             0     0 0.0925    0.00
00 0.0000[] 
 []


Overfull \hbox (22.49893pt too wide) in paragraph at lines 9694--9694
[]\T1/lmtt/m/n/10 ## law              0.0086             0     0 0.6890    0.00
00 0.0000[] 
 []


Overfull \hbox (43.49887pt too wide) in paragraph at lines 9694--9694
[]\T1/lmtt/m/n/10 ##               residuals DriversKilled front     rear      
VanKilled law[] 
 []


Overfull \hbox (59.24883pt too wide) in paragraph at lines 9694--9694
[]\T1/lmtt/m/n/10 ## residuals     "none"    "pearson"     "pearson" "pearson" 
"pearson" "mcor"[] 
 []


Overfull \hbox (59.24883pt too wide) in paragraph at lines 9694--9694
[]\T1/lmtt/m/n/10 ## DriversKilled "pearson" "none"        "pearson" "pearson" 
"pearson" "mcor"[] 
 []


Overfull \hbox (59.24883pt too wide) in paragraph at lines 9694--9694
[]\T1/lmtt/m/n/10 ## front         "pearson" "pearson"     "none"    "pearson" 
"pearson" "mcor"[] 
 []


Overfull \hbox (59.24883pt too wide) in paragraph at lines 9694--9694
[]\T1/lmtt/m/n/10 ## rear          "pearson" "pearson"     "pearson" "none"    
"pearson" "mcor"[] 
 []


Overfull \hbox (59.24883pt too wide) in paragraph at lines 9694--9694
[]\T1/lmtt/m/n/10 ## VanKilled     "pearson" "pearson"     "pearson" "pearson" 
"none"    "mcor"[] 
 []


Overfull \hbox (59.24883pt too wide) in paragraph at lines 9694--9694
[]\T1/lmtt/m/n/10 ## law           "mcor"    "mcor"        "mcor"    "mcor"    
"mcor"    "none"[] 
 []

<Svetunkov--2023----Forecasting-and-Analytics-with-the-Augmented-Dynamic-Adapti
ve-Model--ADAM-_files/Svetunkov--2023----Forecasting-and-Analytics-with-the-Aug
mented-Dynamic-Adaptive-Model--ADAM-_files/figure-latex/adamSeat02-1.pdf, id=49
90, 407.5225pt x 219.82124pt>
File: Svetunkov--2023----Forecasting-and-Analytics-with-the-Augmented-Dynamic-A
daptive-Model--ADAM-_files/Svetunkov--2023----Forecasting-and-Analytics-with-th
e-Augmented-Dynamic-Adaptive-Model--ADAM-_files/figure-latex/adamSeat02-1.pdf G
raphic file (type pdf)
<use Svetunkov--2023----Forecasting-and-Analytics-with-the-Augmented-Dynamic-Ad
aptive-Model--ADAM-_files/Svetunkov--2023----Forecasting-and-Analytics-with-the
-Augmented-Dynamic-Adaptive-Model--ADAM-_files/figure-latex/adamSeat02-1.pdf>
Package pdftex.def Info: Svetunkov--2023----Forecasting-and-Analytics-with-the-
Augmented-Dynamic-Adaptive-Model--ADAM-_files/Svetunkov--2023----Forecasting-an
d-Analytics-with-the-Augmented-Dynamic-Adaptive-Model--ADAM-_files/figure-latex
/adamSeat02-1.pdf  used on input line 9715.
(pdftex.def)             Requested size: 407.5215pt x 219.8207pt.
<Svetunkov--2023----Forecasting-and-Analytics-with-the-Augmented-Dynamic-Adapti
ve-Model--ADAM-_files/Svetunkov--2023----Forecasting-and-Analytics-with-the-Aug
mented-Dynamic-Adaptive-Model--ADAM-_files/figure-latex/adamSeat02Resid-1.pdf, 
id=4992, 436.63126pt x 248.93pt>
File: Svetunkov--2023----Forecasting-and-Analytics-with-the-Augmented-Dynamic-A
daptive-Model--ADAM-_files/Svetunkov--2023----Forecasting-and-Analytics-with-th
e-Augmented-Dynamic-Adaptive-Model--ADAM-_files/figure-latex/adamSeat02Resid-1.
pdf Graphic file (type pdf)
<use Svetunkov--2023----Forecasting-and-Analytics-with-the-Augmented-Dynamic-Ad
aptive-Model--ADAM-_files/Svetunkov--2023----Forecasting-and-Analytics-with-the
-Augmented-Dynamic-Adaptive-Model--ADAM-_files/figure-latex/adamSeat02Resid-1.p
df>
Package pdftex.def Info: Svetunkov--2023----Forecasting-and-Analytics-with-the-
Augmented-Dynamic-Adaptive-Model--ADAM-_files/Svetunkov--2023----Forecasting-an
d-Analytics-with-the-Augmented-Dynamic-Adaptive-Model--ADAM-_files/figure-latex
/adamSeat02Resid-1.pdf  used on input line 9729.
(pdftex.def)             Requested size: 436.63019pt x 248.92938pt.
[317] [318 <./Svetunkov--2023----Forecasting-and-Analytics-with-the-Augmented-D
ynamic-Adaptive-Model--ADAM-_files/Svetunkov--2023----Forecasting-and-Analytics
-with-the-Augmented-Dynamic-Adaptive-Model--ADAM-_files/figure-latex/adamSeat02
-1.pdf> <./Svetunkov--2023----Forecasting-and-Analytics-with-the-Augmented-Dyna
mic-Adaptive-Model--ADAM-_files/Svetunkov--2023----Forecasting-and-Analytics-wi
th-the-Augmented-Dynamic-Adaptive-Model--ADAM-_files/figure-latex/adamSeat02Res
id-1.pdf>]
<Svetunkov--2023----Forecasting-and-Analytics-with-the-Augmented-Dynamic-Adapti
ve-Model--ADAM-_files/Svetunkov--2023----Forecasting-and-Analytics-with-the-Aug
mented-Dynamic-Adaptive-Model--ADAM-_files/figure-latex/adamSeat03-1.pdf, id=50
19, 453.695pt x 314.17375pt>
File: Svetunkov--2023----Forecasting-and-Analytics-with-the-Augmented-Dynamic-A
daptive-Model--ADAM-_files/Svetunkov--2023----Forecasting-and-Analytics-with-th
e-Augmented-Dynamic-Adaptive-Model--ADAM-_files/figure-latex/adamSeat03-1.pdf G
raphic file (type pdf)
<use Svetunkov--2023----Forecasting-and-Analytics-with-the-Augmented-Dynamic-Ad
aptive-Model--ADAM-_files/Svetunkov--2023----Forecasting-and-Analytics-with-the
-Augmented-Dynamic-Adaptive-Model--ADAM-_files/figure-latex/adamSeat03-1.pdf>
Package pdftex.def Info: Svetunkov--2023----Forecasting-and-Analytics-with-the-
Augmented-Dynamic-Adaptive-Model--ADAM-_files/Svetunkov--2023----Forecasting-an
d-Analytics-with-the-Augmented-Dynamic-Adaptive-Model--ADAM-_files/figure-latex
/adamSeat03-1.pdf  used on input line 9753.
(pdftex.def)             Requested size: 453.6939pt x 314.17297pt.
[319 <./Svetunkov--2023----Forecasting-and-Analytics-with-the-Augmented-Dynamic
-Adaptive-Model--ADAM-_files/Svetunkov--2023----Forecasting-and-Analytics-with-
the-Augmented-Dynamic-Adaptive-Model--ADAM-_files/figure-latex/adamSeat03-1.pdf
>]
<Svetunkov--2023----Forecasting-and-Analytics-with-the-Augmented-Dynamic-Adapti
ve-Model--ADAM-_files/Svetunkov--2023----Forecasting-and-Analytics-with-the-Aug
mented-Dynamic-Adaptive-Model--ADAM-_files/figure-latex/adamSeat04-1.pdf, id=50
40, 453.695pt x 314.17375pt>
File: Svetunkov--2023----Forecasting-and-Analytics-with-the-Augmented-Dynamic-A
daptive-Model--ADAM-_files/Svetunkov--2023----Forecasting-and-Analytics-with-th
e-Augmented-Dynamic-Adaptive-Model--ADAM-_files/figure-latex/adamSeat04-1.pdf G
raphic file (type pdf)
<use Svetunkov--2023----Forecasting-and-Analytics-with-the-Augmented-Dynamic-Ad
aptive-Model--ADAM-_files/Svetunkov--2023----Forecasting-and-Analytics-with-the
-Augmented-Dynamic-Adaptive-Model--ADAM-_files/figure-latex/adamSeat04-1.pdf>
Package pdftex.def Info: Svetunkov--2023----Forecasting-and-Analytics-with-the-
Augmented-Dynamic-Adaptive-Model--ADAM-_files/Svetunkov--2023----Forecasting-an
d-Analytics-with-the-Augmented-Dynamic-Adaptive-Model--ADAM-_files/figure-latex
/adamSeat04-1.pdf  used on input line 9777.
(pdftex.def)             Requested size: 453.6939pt x 314.17297pt.

Overfull \hbox (74.99878pt too wide) in paragraph at lines 9793--9793
[]\T1/lmtt/m/n/10 ## Warning: The OPG covariance could not be computed for this
 model (unsupported[] 
 []


Overfull \hbox (43.49887pt too wide) in paragraph at lines 9793--9793
[]\T1/lmtt/m/n/10 ## parameter type or numerical failure); falling back to the 
Hessian-based[] 
 []

[320 <./Svetunkov--2023----Forecasting-and-Analytics-with-the-Augmented-Dynamic
-Adaptive-Model--ADAM-_files/Svetunkov--2023----Forecasting-and-Analytics-with-
the-Augmented-Dynamic-Adaptive-Model--ADAM-_files/figure-latex/adamSeat04-1.pdf
>] [321]
<Svetunkov--2023----Forecasting-and-Analytics-with-the-Augmented-Dynamic-Adapti
ve-Model--ADAM-_files/Svetunkov--2023----Forecasting-and-Analytics-with-the-Aug
mented-Dynamic-Adaptive-Model--ADAM-_files/figure-latex/adamSeat03ActualsFitted
-1.pdf, id=5065, 436.63126pt x 248.93pt>
File: Svetunkov--2023----Forecasting-and-Analytics-with-the-Augmented-Dynamic-A
daptive-Model--ADAM-_files/Svetunkov--2023----Forecasting-and-Analytics-with-th
e-Augmented-Dynamic-Adaptive-Model--ADAM-_files/figure-latex/adamSeat03ActualsF
itted-1.pdf Graphic file (type pdf)
<use Svetunkov--2023----Forecasting-and-Analytics-with-the-Augmented-Dynamic-Ad
aptive-Model--ADAM-_files/Svetunkov--2023----Forecasting-and-Analytics-with-the
-Augmented-Dynamic-Adaptive-Model--ADAM-_files/figure-latex/adamSeat03ActualsFi
tted-1.pdf>
Package pdftex.def Info: Svetunkov--2023----Forecasting-and-Analytics-with-the-
Augmented-Dynamic-Adaptive-Model--ADAM-_files/Svetunkov--2023----Forecasting-an
d-Analytics-with-the-Augmented-Dynamic-Adaptive-Model--ADAM-_files/figure-latex
/adamSeat03ActualsFitted-1.pdf  used on input line 9846.
(pdftex.def)             Requested size: 436.63019pt x 248.92938pt.
<Svetunkov--2023----Forecasting-and-Analytics-with-the-Augmented-Dynamic-Adapti
ve-Model--ADAM-_files/Svetunkov--2023----Forecasting-and-Analytics-with-the-Aug
mented-Dynamic-Adaptive-Model--ADAM-_files/figure-latex/adamSeat03LinearPlot-1.
pdf, id=5070, 407.5225pt x 219.82124pt>
File: Svetunkov--2023----Forecasting-and-Analytics-with-the-Augmented-Dynamic-A
daptive-Model--ADAM-_files/Svetunkov--2023----Forecasting-and-Analytics-with-th
e-Augmented-Dynamic-Adaptive-Model--ADAM-_files/figure-latex/adamSeat03LinearPl
ot-1.pdf Graphic file (type pdf)
<use Svetunkov--2023----Forecasting-and-Analytics-with-the-Augmented-Dynamic-Ad
aptive-Model--ADAM-_files/Svetunkov--2023----Forecasting-and-Analytics-with-the
-Augmented-Dynamic-Adaptive-Model--ADAM-_files/figure-latex/adamSeat03LinearPlo
t-1.pdf>
Package pdftex.def Info: Svetunkov--2023----Forecasting-and-Analytics-with-the-
Augmented-Dynamic-Adaptive-Model--ADAM-_files/Svetunkov--2023----Forecasting-an
d-Analytics-with-the-Augmented-Dynamic-Adaptive-Model--ADAM-_files/figure-latex
/adamSeat03LinearPlot-1.pdf  used on input line 9860.
(pdftex.def)             Requested size: 407.5215pt x 219.8207pt.
[322 <./Svetunkov--2023----Forecasting-and-Analytics-with-the-Augmented-Dynamic
-Adaptive-Model--ADAM-_files/Svetunkov--2023----Forecasting-and-Analytics-with-
the-Augmented-Dynamic-Adaptive-Model--ADAM-_files/figure-latex/adamSeat03Actual
sFitted-1.pdf>]
<Svetunkov--2023----Forecasting-and-Analytics-with-the-Augmented-Dynamic-Adapti
ve-Model--ADAM-_files/Svetunkov--2023----Forecasting-and-Analytics-with-the-Aug
mented-Dynamic-Adaptive-Model--ADAM-_files/figure-latex/adamSeat03Resid-1.pdf, 
id=5086, 440.64626pt x 248.93pt>
File: Svetunkov--2023----Forecasting-and-Analytics-with-the-Augmented-Dynamic-A
daptive-Model--ADAM-_files/Svetunkov--2023----Forecasting-and-Analytics-with-th
e-Augmented-Dynamic-Adaptive-Model--ADAM-_files/figure-latex/adamSeat03Resid-1.
pdf Graphic file (type pdf)
<use Svetunkov--2023----Forecasting-and-Analytics-with-the-Augmented-Dynamic-Ad
aptive-Model--ADAM-_files/Svetunkov--2023----Forecasting-and-Analytics-with-the
-Augmented-Dynamic-Adaptive-Model--ADAM-_files/figure-latex/adamSeat03Resid-1.p
df>
Package pdftex.def Info: Svetunkov--2023----Forecasting-and-Analytics-with-the-
Augmented-Dynamic-Adaptive-Model--ADAM-_files/Svetunkov--2023----Forecasting-an
d-Analytics-with-the-Augmented-Dynamic-Adaptive-Model--ADAM-_files/figure-latex
/adamSeat03Resid-1.pdf  used on input line 9897.
(pdftex.def)             Requested size: 440.64517pt x 248.92938pt.
[323 <./Svetunkov--2023----Forecasting-and-Analytics-with-the-Augmented-Dynamic
-Adaptive-Model--ADAM-_files/Svetunkov--2023----Forecasting-and-Analytics-with-
the-Augmented-Dynamic-Adaptive-Model--ADAM-_files/figure-latex/adamSeat03Linear
Plot-1.pdf>]
<Svetunkov--2023----Forecasting-and-Analytics-with-the-Augmented-Dynamic-Adapti
ve-Model--ADAM-_files/Svetunkov--2023----Forecasting-and-Analytics-with-the-Aug
mented-Dynamic-Adaptive-Model--ADAM-_files/figure-latex/adamSeat03ResidTime-1.p
df, id=5108, 436.63126pt x 248.93pt>
File: Svetunkov--2023----Forecasting-and-Analytics-with-the-Augmented-Dynamic-A
daptive-Model--ADAM-_files/Svetunkov--2023----Forecasting-and-Analytics-with-th
e-Augmented-Dynamic-Adaptive-Model--ADAM-_files/figure-latex/adamSeat03ResidTim
e-1.pdf Graphic file (type pdf)
<use Svetunkov--2023----Forecasting-and-Analytics-with-the-Augmented-Dynamic-Ad
aptive-Model--ADAM-_files/Svetunkov--2023----Forecasting-and-Analytics-with-the
-Augmented-Dynamic-Adaptive-Model--ADAM-_files/figure-latex/adamSeat03ResidTime
-1.pdf>
Package pdftex.def Info: Svetunkov--2023----Forecasting-and-Analytics-with-the-
Augmented-Dynamic-Adaptive-Model--ADAM-_files/Svetunkov--2023----Forecasting-an
d-Analytics-with-the-Augmented-Dynamic-Adaptive-Model--ADAM-_files/figure-latex
/adamSeat03ResidTime-1.pdf  used on input line 9911.
(pdftex.def)             Requested size: 436.63019pt x 248.92938pt.
<Svetunkov--2023----Forecasting-and-Analytics-with-the-Augmented-Dynamic-Adapti
ve-Model--ADAM-_files/Svetunkov--2023----Forecasting-and-Analytics-with-the-Aug
mented-Dynamic-Adaptive-Model--ADAM-_files/figure-latex/adamSeat05Resid-1.pdf, 
id=5110, 436.63126pt x 249.93375pt>
File: Svetunkov--2023----Forecasting-and-Analytics-with-the-Augmented-Dynamic-A
daptive-Model--ADAM-_files/Svetunkov--2023----Forecasting-and-Analytics-with-th
e-Augmented-Dynamic-Adaptive-Model--ADAM-_files/figure-latex/adamSeat05Resid-1.
pdf Graphic file (type pdf)
<use Svetunkov--2023----Forecasting-and-Analytics-with-the-Augmented-Dynamic-Ad
aptive-Model--ADAM-_files/Svetunkov--2023----Forecasting-and-Analytics-with-the
-Augmented-Dynamic-Adaptive-Model--ADAM-_files/figure-latex/adamSeat05Resid-1.p
df>
Package pdftex.def Info: Svetunkov--2023----Forecasting-and-Analytics-with-the-
Augmented-Dynamic-Adaptive-Model--ADAM-_files/Svetunkov--2023----Forecasting-an
d-Analytics-with-the-Augmented-Dynamic-Adaptive-Model--ADAM-_files/figure-latex
/adamSeat05Resid-1.pdf  used on input line 9929.
(pdftex.def)             Requested size: 436.63019pt x 249.93314pt.
[324 <./Svetunkov--2023----Forecasting-and-Analytics-with-the-Augmented-Dynamic
-Adaptive-Model--ADAM-_files/Svetunkov--2023----Forecasting-and-Analytics-with-
the-Augmented-Dynamic-Adaptive-Model--ADAM-_files/figure-latex/adamSeat03Resid-
1.pdf>] [325 <./Svetunkov--2023----Forecasting-and-Analytics-with-the-Augmented
-Dynamic-Adaptive-Model--ADAM-_files/Svetunkov--2023----Forecasting-and-Analyti
cs-with-the-Augmented-Dynamic-Adaptive-Model--ADAM-_files/figure-latex/adamSeat
03ResidTime-1.pdf> <./Svetunkov--2023----Forecasting-and-Analytics-with-the-Aug
mented-Dynamic-Adaptive-Model--ADAM-_files/Svetunkov--2023----Forecasting-and-A
nalytics-with-the-Augmented-Dynamic-Adaptive-Model--ADAM-_files/figure-latex/ad
amSeat05Resid-1.pdf>] [326]
<Svetunkov--2023----Forecasting-and-Analytics-with-the-Augmented-Dynamic-Adapti
ve-Model--ADAM-_files/Svetunkov--2023----Forecasting-and-Analytics-with-the-Aug
mented-Dynamic-Adaptive-Model--ADAM-_files/figure-latex/adamSeat05ResidFitted-1
.pdf, id=5158, 436.63126pt x 249.93375pt>
File: Svetunkov--2023----Forecasting-and-Analytics-with-the-Augmented-Dynamic-A
daptive-Model--ADAM-_files/Svetunkov--2023----Forecasting-and-Analytics-with-th
e-Augmented-Dynamic-Adaptive-Model--ADAM-_files/figure-latex/adamSeat05ResidFit
ted-1.pdf Graphic file (type pdf)
<use Svetunkov--2023----Forecasting-and-Analytics-with-the-Augmented-Dynamic-Ad
aptive-Model--ADAM-_files/Svetunkov--2023----Forecasting-and-Analytics-with-the
-Augmented-Dynamic-Adaptive-Model--ADAM-_files/figure-latex/adamSeat05ResidFitt
ed-1.pdf>
Package pdftex.def Info: Svetunkov--2023----Forecasting-and-Analytics-with-the-
Augmented-Dynamic-Adaptive-Model--ADAM-_files/Svetunkov--2023----Forecasting-an
d-Analytics-with-the-Augmented-Dynamic-Adaptive-Model--ADAM-_files/figure-latex
/adamSeat05ResidFitted-1.pdf  used on input line 9992.
(pdftex.def)             Requested size: 436.63019pt x 249.93314pt.
[327 <./Svetunkov--2023----Forecasting-and-Analytics-with-the-Augmented-Dynamic
-Adaptive-Model--ADAM-_files/Svetunkov--2023----Forecasting-and-Analytics-with-
the-Augmented-Dynamic-Adaptive-Model--ADAM-_files/figure-latex/adamSeat05ResidF
itted-1.pdf>]
<Svetunkov--2023----Forecasting-and-Analytics-with-the-Augmented-Dynamic-Adapti
ve-Model--ADAM-_files/Svetunkov--2023----Forecasting-and-Analytics-with-the-Aug
mented-Dynamic-Adaptive-Model--ADAM-_files/figure-latex/adamSeat05ResidTime-1.p
df, id=5173, 436.63126pt x 248.93pt>
File: Svetunkov--2023----Forecasting-and-Analytics-with-the-Augmented-Dynamic-A
daptive-Model--ADAM-_files/Svetunkov--2023----Forecasting-and-Analytics-with-th
e-Augmented-Dynamic-Adaptive-Model--ADAM-_files/figure-latex/adamSeat05ResidTim
e-1.pdf Graphic file (type pdf)
<use Svetunkov--2023----Forecasting-and-Analytics-with-the-Augmented-Dynamic-Ad
aptive-Model--ADAM-_files/Svetunkov--2023----Forecasting-and-Analytics-with-the
-Augmented-Dynamic-Adaptive-Model--ADAM-_files/figure-latex/adamSeat05ResidTime
-1.pdf>
Package pdftex.def Info: Svetunkov--2023----Forecasting-and-Analytics-with-the-
Augmented-Dynamic-Adaptive-Model--ADAM-_files/Svetunkov--2023----Forecasting-an
d-Analytics-with-the-Augmented-Dynamic-Adaptive-Model--ADAM-_files/figure-latex
/adamSeat05ResidTime-1.pdf  used on input line 10012.
(pdftex.def)             Requested size: 436.63019pt x 248.92938pt.
[328 <./Svetunkov--2023----Forecasting-and-Analytics-with-the-Augmented-Dynamic
-Adaptive-Model--ADAM-_files/Svetunkov--2023----Forecasting-and-Analytics-with-
the-Augmented-Dynamic-Adaptive-Model--ADAM-_files/figure-latex/adamSeat05ResidT
ime-1.pdf>]
<Svetunkov--2023----Forecasting-and-Analytics-with-the-Augmented-Dynamic-Adapti
ve-Model--ADAM-_files/Svetunkov--2023----Forecasting-and-Analytics-with-the-Aug
mented-Dynamic-Adaptive-Model--ADAM-_files/figure-latex/adamSeat05Student-1.pdf
, id=5188, 468.75125pt x 386.44376pt>
File: Svetunkov--2023----Forecasting-and-Analytics-with-the-Augmented-Dynamic-A
daptive-Model--ADAM-_files/Svetunkov--2023----Forecasting-and-Analytics-with-th
e-Augmented-Dynamic-Adaptive-Model--ADAM-_files/figure-latex/adamSeat05Student-
1.pdf Graphic file (type pdf)
<use Svetunkov--2023----Forecasting-and-Analytics-with-the-Augmented-Dynamic-Ad
aptive-Model--ADAM-_files/Svetunkov--2023----Forecasting-and-Analytics-with-the
-Augmented-Dynamic-Adaptive-Model--ADAM-_files/figure-latex/adamSeat05Student-1
.pdf>
Package pdftex.def Info: Svetunkov--2023----Forecasting-and-Analytics-with-the-
Augmented-Dynamic-Adaptive-Model--ADAM-_files/Svetunkov--2023----Forecasting-an
d-Analytics-with-the-Augmented-Dynamic-Adaptive-Model--ADAM-_files/figure-latex
/adamSeat05Student-1.pdf  used on input line 10029.
(pdftex.def)             Requested size: 468.75009pt x 386.44281pt.
[329 <./Svetunkov--2023----Forecasting-and-Analytics-with-the-Augmented-Dynamic
-Adaptive-Model--ADAM-_files/Svetunkov--2023----Forecasting-and-Analytics-with-
the-Augmented-Dynamic-Adaptive-Model--ADAM-_files/figure-latex/adamSeat05Studen
t-1.pdf>]
<Svetunkov--2023----Forecasting-and-Analytics-with-the-Augmented-Dynamic-Adapti
ve-Model--ADAM-_files/Svetunkov--2023----Forecasting-and-Analytics-with-the-Aug
mented-Dynamic-Adaptive-Model--ADAM-_files/figure-latex/adamSeat05Outliers-1.pd
f, id=5202, 436.63126pt x 248.93pt>
File: Svetunkov--2023----Forecasting-and-Analytics-with-the-Augmented-Dynamic-A
daptive-Model--ADAM-_files/Svetunkov--2023----Forecasting-and-Analytics-with-th
e-Augmented-Dynamic-Adaptive-Model--ADAM-_files/figure-latex/adamSeat05Outliers
-1.pdf Graphic file (type pdf)
<use Svetunkov--2023----Forecasting-and-Analytics-with-the-Augmented-Dynamic-Ad
aptive-Model--ADAM-_files/Svetunkov--2023----Forecasting-and-Analytics-with-the
-Augmented-Dynamic-Adaptive-Model--ADAM-_files/figure-latex/adamSeat05Outliers-
1.pdf>
Package pdftex.def Info: Svetunkov--2023----Forecasting-and-Analytics-with-the-
Augmented-Dynamic-Adaptive-Model--ADAM-_files/Svetunkov--2023----Forecasting-an
d-Analytics-with-the-Augmented-Dynamic-Adaptive-Model--ADAM-_files/figure-latex
/adamSeat05Outliers-1.pdf  used on input line 10079.
(pdftex.def)             Requested size: 436.63019pt x 248.92938pt.
[330 <./Svetunkov--2023----Forecasting-and-Analytics-with-the-Augmented-Dynamic
-Adaptive-Model--ADAM-_files/Svetunkov--2023----Forecasting-and-Analytics-with-
the-Augmented-Dynamic-Adaptive-Model--ADAM-_files/figure-latex/adamSeat05Outlie
rs-1.pdf>] [331]
Overfull \hbox (32.9989pt too wide) in paragraph at lines 10184--10184
[]\T1/lmtt/m/n/10 ##         alpha         gamma      outlier6      outlier9   
   outlier8[] 
 []


Overfull \hbox (32.9989pt too wide) in paragraph at lines 10184--10184
[]\T1/lmtt/m/n/10 ##    0.39190650    0.00000000    0.18350561   -0.16877178   
 0.15795464[] 
 []


Overfull \hbox (32.9989pt too wide) in paragraph at lines 10184--10184
[]\T1/lmtt/m/n/10 ##      outlier1      outlier2     outlier10      outlier5   
   outlier7[] 
 []


Overfull \hbox (32.9989pt too wide) in paragraph at lines 10184--10184
[]\T1/lmtt/m/n/10 ##    0.12277380   -0.15919251    0.11060940    0.10531197   
-0.14705635[] 
 []


Overfull \hbox (32.9989pt too wide) in paragraph at lines 10184--10184
[]\T1/lmtt/m/n/10 ##      outlier3      outlier4  outlier3Lag1 outlier5Lead1   
PetrolPrice[] 
 []


Overfull \hbox (32.9989pt too wide) in paragraph at lines 10184--10184
[]\T1/lmtt/m/n/10 ##   -0.10187734   -0.14921857   -0.10277675    0.04689469   
-2.58927508[] 
 []

[332]
<Svetunkov--2023----Forecasting-and-Analytics-with-the-Augmented-Dynamic-Adapti
ve-Model--ADAM-_files/Svetunkov--2023----Forecasting-and-Analytics-with-the-Aug
mented-Dynamic-Adaptive-Model--ADAM-_files/figure-latex/adamSeat09ResidvsTime-1
.pdf, id=5237, 436.63126pt x 248.93pt>
File: Svetunkov--2023----Forecasting-and-Analytics-with-the-Augmented-Dynamic-A
daptive-Model--ADAM-_files/Svetunkov--2023----Forecasting-and-Analytics-with-th
e-Augmented-Dynamic-Adaptive-Model--ADAM-_files/figure-latex/adamSeat09ResidvsT
ime-1.pdf Graphic file (type pdf)
<use Svetunkov--2023----Forecasting-and-Analytics-with-the-Augmented-Dynamic-Ad
aptive-Model--ADAM-_files/Svetunkov--2023----Forecasting-and-Analytics-with-the
-Augmented-Dynamic-Adaptive-Model--ADAM-_files/figure-latex/adamSeat09ResidvsTi
me-1.pdf>
Package pdftex.def Info: Svetunkov--2023----Forecasting-and-Analytics-with-the-
Augmented-Dynamic-Adaptive-Model--ADAM-_files/Svetunkov--2023----Forecasting-an
d-Analytics-with-the-Augmented-Dynamic-Adaptive-Model--ADAM-_files/figure-latex
/adamSeat09ResidvsTime-1.pdf  used on input line 10220.
(pdftex.def)             Requested size: 436.63019pt x 248.92938pt.

Overfull \hbox (80.24876pt too wide) in paragraph at lines 10241--10241
[]\T1/lmtt/m/n/10 ## Warning in tseries::kpss.test(resid(adamSeat09)): p-value 
greater than printed[] 
 []

[333]
Overfull \hbox (11.99896pt too wide) in paragraph at lines 10249--10249
[]\T1/lmtt/m/n/10 ## KPSS Level = 0.12844, Truncation lag parameter = 4, p-valu
e = 0.1[] 
 []


Overfull \hbox (74.99878pt too wide) in paragraph at lines 10260--10260
[]\T1/lmtt/m/n/10 ## Warning in tseries::adf.test(resid(adamSeat09)): p-value s
maller than printed[] 
 []

[334 <./Svetunkov--2023----Forecasting-and-Analytics-with-the-Augmented-Dynamic
-Adaptive-Model--ADAM-_files/Svetunkov--2023----Forecasting-and-Analytics-with-
the-Augmented-Dynamic-Adaptive-Model--ADAM-_files/figure-latex/adamSeat09Residv
sTime-1.pdf>]
<Svetunkov--2023----Forecasting-and-Analytics-with-the-Augmented-Dynamic-Adapti
ve-Model--ADAM-_files/Svetunkov--2023----Forecasting-and-Analytics-with-the-Aug
mented-Dynamic-Adaptive-Model--ADAM-_files/figure-latex/adamSeat10ResidvsTime-1
.pdf, id=5257, 436.63126pt x 248.93pt>
File: Svetunkov--2023----Forecasting-and-Analytics-with-the-Augmented-Dynamic-A
daptive-Model--ADAM-_files/Svetunkov--2023----Forecasting-and-Analytics-with-th
e-Augmented-Dynamic-Adaptive-Model--ADAM-_files/figure-latex/adamSeat10ResidvsT
ime-1.pdf Graphic file (type pdf)
<use Svetunkov--2023----Forecasting-and-Analytics-with-the-Augmented-Dynamic-Ad
aptive-Model--ADAM-_files/Svetunkov--2023----Forecasting-and-Analytics-with-the
-Augmented-Dynamic-Adaptive-Model--ADAM-_files/figure-latex/adamSeat10ResidvsTi
me-1.pdf>
Package pdftex.def Info: Svetunkov--2023----Forecasting-and-Analytics-with-the-
Augmented-Dynamic-Adaptive-Model--ADAM-_files/Svetunkov--2023----Forecasting-an
d-Analytics-with-the-Augmented-Dynamic-Adaptive-Model--ADAM-_files/figure-latex
/adamSeat10ResidvsTime-1.pdf  used on input line 10301.
(pdftex.def)             Requested size: 436.63019pt x 248.92938pt.
<Svetunkov--2023----Forecasting-and-Analytics-with-the-Augmented-Dynamic-Adapti
ve-Model--ADAM-_files/Svetunkov--2023----Forecasting-and-Analytics-with-the-Aug
mented-Dynamic-Adaptive-Model--ADAM-_files/figure-latex/adamSeat10ACFPACF-1.pdf
, id=5261, 417.56pt x 205.76875pt>
File: Svetunkov--2023----Forecasting-and-Analytics-with-the-Augmented-Dynamic-A
daptive-Model--ADAM-_files/Svetunkov--2023----Forecasting-and-Analytics-with-th
e-Augmented-Dynamic-Adaptive-Model--ADAM-_files/figure-latex/adamSeat10ACFPACF-
1.pdf Graphic file (type pdf)
<use Svetunkov--2023----Forecasting-and-Analytics-with-the-Augmented-Dynamic-Ad
aptive-Model--ADAM-_files/Svetunkov--2023----Forecasting-and-Analytics-with-the
-Augmented-Dynamic-Adaptive-Model--ADAM-_files/figure-latex/adamSeat10ACFPACF-1
.pdf>
Package pdftex.def Info: Svetunkov--2023----Forecasting-and-Analytics-with-the-
Augmented-Dynamic-Adaptive-Model--ADAM-_files/Svetunkov--2023----Forecasting-an
d-Analytics-with-the-Augmented-Dynamic-Adaptive-Model--ADAM-_files/figure-latex
/adamSeat10ACFPACF-1.pdf  used on input line 10316.
(pdftex.def)             Requested size: 417.55896pt x 205.76823pt.
[335 <./Svetunkov--2023----Forecasting-and-Analytics-with-the-Augmented-Dynamic
-Adaptive-Model--ADAM-_files/Svetunkov--2023----Forecasting-and-Analytics-with-
the-Augmented-Dynamic-Adaptive-Model--ADAM-_files/figure-latex/adamSeat10Residv
sTime-1.pdf>] [336 <./Svetunkov--2023----Forecasting-and-Analytics-with-the-Aug
mented-Dynamic-Adaptive-Model--ADAM-_files/Svetunkov--2023----Forecasting-and-A
nalytics-with-the-Augmented-Dynamic-Adaptive-Model--ADAM-_files/figure-latex/ad
amSeat10ACFPACF-1.pdf>]
<Svetunkov--2023----Forecasting-and-Analytics-with-the-Augmented-Dynamic-Adapti
ve-Model--ADAM-_files/Svetunkov--2023----Forecasting-and-Analytics-with-the-Aug
mented-Dynamic-Adaptive-Model--ADAM-_files/figure-latex/adamSeat13ACFPACF-1.pdf
, id=5287, 417.56pt x 205.76875pt>
File: Svetunkov--2023----Forecasting-and-Analytics-with-the-Augmented-Dynamic-A
daptive-Model--ADAM-_files/Svetunkov--2023----Forecasting-and-Analytics-with-th
e-Augmented-Dynamic-Adaptive-Model--ADAM-_files/figure-latex/adamSeat13ACFPACF-
1.pdf Graphic file (type pdf)
<use Svetunkov--2023----Forecasting-and-Analytics-with-the-Augmented-Dynamic-Ad
aptive-Model--ADAM-_files/Svetunkov--2023----Forecasting-and-Analytics-with-the
-Augmented-Dynamic-Adaptive-Model--ADAM-_files/figure-latex/adamSeat13ACFPACF-1
.pdf>
Package pdftex.def Info: Svetunkov--2023----Forecasting-and-Analytics-with-the-
Augmented-Dynamic-Adaptive-Model--ADAM-_files/Svetunkov--2023----Forecasting-an
d-Analytics-with-the-Augmented-Dynamic-Adaptive-Model--ADAM-_files/figure-latex
/adamSeat13ACFPACF-1.pdf  used on input line 10368.
(pdftex.def)             Requested size: 417.55896pt x 205.76823pt.
[337 <./Svetunkov--2023----Forecasting-and-Analytics-with-the-Augmented-Dynamic
-Adaptive-Model--ADAM-_files/Svetunkov--2023----Forecasting-and-Analytics-with-
the-Augmented-Dynamic-Adaptive-Model--ADAM-_files/figure-latex/adamSeat13ACFPAC
F-1.pdf>]
<Svetunkov--2023----Forecasting-and-Analytics-with-the-Augmented-Dynamic-Adapti
ve-Model--ADAM-_files/Svetunkov--2023----Forecasting-and-Analytics-with-the-Aug
mented-Dynamic-Adaptive-Model--ADAM-_files/figure-latex/adamSeat16Resid-1.pdf, 
id=5303, 459.7175pt x 323.2075pt>
File: Svetunkov--2023----Forecasting-and-Analytics-with-the-Augmented-Dynamic-A
daptive-Model--ADAM-_files/Svetunkov--2023----Forecasting-and-Analytics-with-th
e-Augmented-Dynamic-Adaptive-Model--ADAM-_files/figure-latex/adamSeat16Resid-1.
pdf Graphic file (type pdf)
<use Svetunkov--2023----Forecasting-and-Analytics-with-the-Augmented-Dynamic-Ad
aptive-Model--ADAM-_files/Svetunkov--2023----Forecasting-and-Analytics-with-the
-Augmented-Dynamic-Adaptive-Model--ADAM-_files/figure-latex/adamSeat16Resid-1.p
df>
Package pdftex.def Info: Svetunkov--2023----Forecasting-and-Analytics-with-the-
Augmented-Dynamic-Adaptive-Model--ADAM-_files/Svetunkov--2023----Forecasting-an
d-Analytics-with-the-Augmented-Dynamic-Adaptive-Model--ADAM-_files/figure-latex
/adamSeat16Resid-1.pdf  used on input line 10425.
(pdftex.def)             Requested size: 459.71637pt x 323.20671pt.

Underfull \vbox (badness 10000) has occurred while \output is active []

[338]
Underfull \vbox (badness 1484) detected at line 10447
 []

[339 <./Svetunkov--2023----Forecasting-and-Analytics-with-the-Augmented-Dynamic
-Adaptive-Model--ADAM-_files/Svetunkov--2023----Forecasting-and-Analytics-with-
the-Augmented-Dynamic-Adaptive-Model--ADAM-_files/figure-latex/adamSeat16Resid-
1.pdf>]
Overfull \hbox (43.49887pt too wide) in paragraph at lines 10461--10461
[]\T1/lmtt/m/n/10 ##         1      2     3      4      5      6      7      8 
     9     10[] 
 []


Overfull \hbox (43.49887pt too wide) in paragraph at lines 10461--10461
[]\T1/lmtt/m/n/10 ## 1   1.000  0.110 0.087 -0.031 -0.115 -0.003 -0.083 -0.095 
-0.199 -0.114[] 
 []


Overfull \hbox (43.49887pt too wide) in paragraph at lines 10461--10461
[]\T1/lmtt/m/n/10 ## 2   0.110  1.000 0.304  0.280  0.157  0.076  0.189  0.113 
 0.097 -0.003[] 
 []


Overfull \hbox (43.49887pt too wide) in paragraph at lines 10461--10461
[]\T1/lmtt/m/n/10 ## 3   0.087  0.304 1.000  0.354  0.316  0.188  0.129  0.224 
 0.146  0.117[] 
 []


Overfull \hbox (43.49887pt too wide) in paragraph at lines 10461--10461
[]\T1/lmtt/m/n/10 ## 4  -0.031  0.280 0.354  1.000  0.382  0.337  0.227  0.161 
 0.253  0.161[] 
 []


Overfull \hbox (43.49887pt too wide) in paragraph at lines 10461--10461
[]\T1/lmtt/m/n/10 ## 5  -0.115  0.157 0.316  0.382  1.000  0.390  0.354  0.234 
 0.169  0.243[] 
 []


Overfull \hbox (43.49887pt too wide) in paragraph at lines 10461--10461
[]\T1/lmtt/m/n/10 ## 6  -0.003  0.076 0.188  0.337  0.390  1.000  0.398  0.350 
 0.228  0.150[] 
 []


Overfull \hbox (43.49887pt too wide) in paragraph at lines 10461--10461
[]\T1/lmtt/m/n/10 ## 7  -0.083  0.189 0.129  0.227  0.354  0.398  1.000  0.410 
 0.358  0.224[] 
 []


Overfull \hbox (43.49887pt too wide) in paragraph at lines 10461--10461
[]\T1/lmtt/m/n/10 ## 8  -0.095  0.113 0.224  0.161  0.234  0.350  0.410  1.000 
 0.418  0.352[] 
 []


Overfull \hbox (43.49887pt too wide) in paragraph at lines 10461--10461
[]\T1/lmtt/m/n/10 ## 9  -0.199  0.097 0.146  0.253  0.169  0.228  0.358  0.418 
 1.000  0.416[] 
 []


Overfull \hbox (43.49887pt too wide) in paragraph at lines 10461--10461
[]\T1/lmtt/m/n/10 ## 10 -0.114 -0.003 0.117  0.161  0.243  0.150  0.224  0.352 
 0.416  1.000[] 
 []

<Svetunkov--2023----Forecasting-and-Analytics-with-the-Augmented-Dynamic-Adapti
ve-Model--ADAM-_files/Svetunkov--2023----Forecasting-and-Analytics-with-the-Aug
mented-Dynamic-Adaptive-Model--ADAM-_files/figure-latex/adamSeat03Hetero-1.pdf,
 id=5345, 457.71pt x 314.17375pt>
File: Svetunkov--2023----Forecasting-and-Analytics-with-the-Augmented-Dynamic-A
daptive-Model--ADAM-_files/Svetunkov--2023----Forecasting-and-Analytics-with-th
e-Augmented-Dynamic-Adaptive-Model--ADAM-_files/figure-latex/adamSeat03Hetero-1
.pdf Graphic file (type pdf)
<use Svetunkov--2023----Forecasting-and-Analytics-with-the-Augmented-Dynamic-Ad
aptive-Model--ADAM-_files/Svetunkov--2023----Forecasting-and-Analytics-with-the
-Augmented-Dynamic-Adaptive-Model--ADAM-_files/figure-latex/adamSeat03Hetero-1.
pdf>
Package pdftex.def Info: Svetunkov--2023----Forecasting-and-Analytics-with-the-
Augmented-Dynamic-Adaptive-Model--ADAM-_files/Svetunkov--2023----Forecasting-an
d-Analytics-with-the-Augmented-Dynamic-Adaptive-Model--ADAM-_files/figure-latex
/adamSeat03Hetero-1.pdf  used on input line 10482.
(pdftex.def)             Requested size: 457.7089pt x 314.17297pt.
[340] [341 <./Svetunkov--2023----Forecasting-and-Analytics-with-the-Augmented-D
ynamic-Adaptive-Model--ADAM-_files/Svetunkov--2023----Forecasting-and-Analytics
-with-the-Augmented-Dynamic-Adaptive-Model--ADAM-_files/figure-latex/adamSeat03
Hetero-1.pdf>]
<Svetunkov--2023----Forecasting-and-Analytics-with-the-Augmented-Dynamic-Adapti
ve-Model--ADAM-_files/Svetunkov--2023----Forecasting-and-Analytics-with-the-Aug
mented-Dynamic-Adaptive-Model--ADAM-_files/figure-latex/adamSeat03HeteroStd-1.p
df, id=5368, 432.61626pt x 350.30875pt>
File: Svetunkov--2023----Forecasting-and-Analytics-with-the-Augmented-Dynamic-A
daptive-Model--ADAM-_files/Svetunkov--2023----Forecasting-and-Analytics-with-th
e-Augmented-Dynamic-Adaptive-Model--ADAM-_files/figure-latex/adamSeat03HeteroSt
d-1.pdf Graphic file (type pdf)
<use Svetunkov--2023----Forecasting-and-Analytics-with-the-Augmented-Dynamic-Ad
aptive-Model--ADAM-_files/Svetunkov--2023----Forecasting-and-Analytics-with-the
-Augmented-Dynamic-Adaptive-Model--ADAM-_files/figure-latex/adamSeat03HeteroStd
-1.pdf>
Package pdftex.def Info: Svetunkov--2023----Forecasting-and-Analytics-with-the-
Augmented-Dynamic-Adaptive-Model--ADAM-_files/Svetunkov--2023----Forecasting-an
d-Analytics-with-the-Augmented-Dynamic-Adaptive-Model--ADAM-_files/figure-latex
/adamSeat03HeteroStd-1.pdf  used on input line 10499.
(pdftex.def)             Requested size: 432.6152pt x 350.30789pt.
<Svetunkov--2023----Forecasting-and-Analytics-with-the-Augmented-Dynamic-Adapti
ve-Model--ADAM-_files/Svetunkov--2023----Forecasting-and-Analytics-with-the-Aug
mented-Dynamic-Adaptive-Model--ADAM-_files/figure-latex/adamSeat03Spread-1.pdf,
 id=5370, 459.7175pt x 306.14375pt>
File: Svetunkov--2023----Forecasting-and-Analytics-with-the-Augmented-Dynamic-A
daptive-Model--ADAM-_files/Svetunkov--2023----Forecasting-and-Analytics-with-th
e-Augmented-Dynamic-Adaptive-Model--ADAM-_files/figure-latex/adamSeat03Spread-1
.pdf Graphic file (type pdf)
<use Svetunkov--2023----Forecasting-and-Analytics-with-the-Augmented-Dynamic-Ad
aptive-Model--ADAM-_files/Svetunkov--2023----Forecasting-and-Analytics-with-the
-Augmented-Dynamic-Adaptive-Model--ADAM-_files/figure-latex/adamSeat03Spread-1.
pdf>
Package pdftex.def Info: Svetunkov--2023----Forecasting-and-Analytics-with-the-
Augmented-Dynamic-Adaptive-Model--ADAM-_files/Svetunkov--2023----Forecasting-an
d-Analytics-with-the-Augmented-Dynamic-Adaptive-Model--ADAM-_files/figure-latex
/adamSeat03Spread-1.pdf  used on input line 10517.
(pdftex.def)             Requested size: 459.71637pt x 306.14299pt.
[342 <./Svetunkov--2023----Forecasting-and-Analytics-with-the-Augmented-Dynamic
-Adaptive-Model--ADAM-_files/Svetunkov--2023----Forecasting-and-Analytics-with-
the-Augmented-Dynamic-Adaptive-Model--ADAM-_files/figure-latex/adamSeat03Hetero
Std-1.pdf>]
<Svetunkov--2023----Forecasting-and-Analytics-with-the-Augmented-Dynamic-Adapti
ve-Model--ADAM-_files/Svetunkov--2023----Forecasting-and-Analytics-with-the-Aug
mented-Dynamic-Adaptive-Model--ADAM-_files/figure-latex/adamSeat05HeteroPlot-1.
pdf, id=5388, 453.695pt x 314.17375pt>
File: Svetunkov--2023----Forecasting-and-Analytics-with-the-Augmented-Dynamic-A
daptive-Model--ADAM-_files/Svetunkov--2023----Forecasting-and-Analytics-with-th
e-Augmented-Dynamic-Adaptive-Model--ADAM-_files/figure-latex/adamSeat05HeteroPl
ot-1.pdf Graphic file (type pdf)
<use Svetunkov--2023----Forecasting-and-Analytics-with-the-Augmented-Dynamic-Ad
aptive-Model--ADAM-_files/Svetunkov--2023----Forecasting-and-Analytics-with-the
-Augmented-Dynamic-Adaptive-Model--ADAM-_files/figure-latex/adamSeat05HeteroPlo
t-1.pdf>
Package pdftex.def Info: Svetunkov--2023----Forecasting-and-Analytics-with-the-
Augmented-Dynamic-Adaptive-Model--ADAM-_files/Svetunkov--2023----Forecasting-an
d-Analytics-with-the-Augmented-Dynamic-Adaptive-Model--ADAM-_files/figure-latex
/adamSeat05HeteroPlot-1.pdf  used on input line 10527.
(pdftex.def)             Requested size: 453.6939pt x 314.17297pt.
<Svetunkov--2023----Forecasting-and-Analytics-with-the-Augmented-Dynamic-Adapti
ve-Model--ADAM-_files/Svetunkov--2023----Forecasting-and-Analytics-with-the-Aug
mented-Dynamic-Adaptive-Model--ADAM-_files/figure-latex/adamSeat05Spread-1.pdf,
 id=5391, 459.7175pt x 306.14375pt>
File: Svetunkov--2023----Forecasting-and-Analytics-with-the-Augmented-Dynamic-A
daptive-Model--ADAM-_files/Svetunkov--2023----Forecasting-and-Analytics-with-th
e-Augmented-Dynamic-Adaptive-Model--ADAM-_files/figure-latex/adamSeat05Spread-1
.pdf Graphic file (type pdf)
<use Svetunkov--2023----Forecasting-and-Analytics-with-the-Augmented-Dynamic-Ad
aptive-Model--ADAM-_files/Svetunkov--2023----Forecasting-and-Analytics-with-the
-Augmented-Dynamic-Adaptive-Model--ADAM-_files/figure-latex/adamSeat05Spread-1.
pdf>
Package pdftex.def Info: Svetunkov--2023----Forecasting-and-Analytics-with-the-
Augmented-Dynamic-Adaptive-Model--ADAM-_files/Svetunkov--2023----Forecasting-an
d-Analytics-with-the-Augmented-Dynamic-Adaptive-Model--ADAM-_files/figure-latex
/adamSeat05Spread-1.pdf  used on input line 10535.
(pdftex.def)             Requested size: 459.71637pt x 306.14299pt.
[343 <./Svetunkov--2023----Forecasting-and-Analytics-with-the-Augmented-Dynamic
-Adaptive-Model--ADAM-_files/Svetunkov--2023----Forecasting-and-Analytics-with-
the-Augmented-Dynamic-Adaptive-Model--ADAM-_files/figure-latex/adamSeat03Spread
-1.pdf>] [344 <./Svetunkov--2023----Forecasting-and-Analytics-with-the-Augmente
d-Dynamic-Adaptive-Model--ADAM-_files/Svetunkov--2023----Forecasting-and-Analyt
ics-with-the-Augmented-Dynamic-Adaptive-Model--ADAM-_files/figure-latex/adamSea
t05HeteroPlot-1.pdf> <./Svetunkov--2023----Forecasting-and-Analytics-with-the-A
ugmented-Dynamic-Adaptive-Model--ADAM-_files/Svetunkov--2023----Forecasting-and
-Analytics-with-the-Augmented-Dynamic-Adaptive-Model--ADAM-_files/figure-latex/
adamSeat05Spread-1.pdf>] [345] [346]
<Svetunkov--2023----Forecasting-and-Analytics-with-the-Augmented-Dynamic-Adapti
ve-Model--ADAM-_files/Svetunkov--2023----Forecasting-and-Analytics-with-the-Aug
mented-Dynamic-Adaptive-Model--ADAM-_files/figure-latex/adamSeat05Multistep-1.p
df, id=5463, 407.5225pt x 248.93pt>
File: Svetunkov--2023----Forecasting-and-Analytics-with-the-Augmented-Dynamic-A
daptive-Model--ADAM-_files/Svetunkov--2023----Forecasting-and-Analytics-with-th
e-Augmented-Dynamic-Adaptive-Model--ADAM-_files/figure-latex/adamSeat05Multiste
p-1.pdf Graphic file (type pdf)
<use Svetunkov--2023----Forecasting-and-Analytics-with-the-Augmented-Dynamic-Ad
aptive-Model--ADAM-_files/Svetunkov--2023----Forecasting-and-Analytics-with-the
-Augmented-Dynamic-Adaptive-Model--ADAM-_files/figure-latex/adamSeat05Multistep
-1.pdf>
Package pdftex.def Info: Svetunkov--2023----Forecasting-and-Analytics-with-the-
Augmented-Dynamic-Adaptive-Model--ADAM-_files/Svetunkov--2023----Forecasting-an
d-Analytics-with-the-Augmented-Dynamic-Adaptive-Model--ADAM-_files/figure-latex
/adamSeat05Multistep-1.pdf  used on input line 10603.
(pdftex.def)             Requested size: 407.5215pt x 248.92938pt.
[347 <./Svetunkov--2023----Forecasting-and-Analytics-with-the-Augmented-Dynamic
-Adaptive-Model--ADAM-_files/Svetunkov--2023----Forecasting-and-Analytics-with-
the-Augmented-Dynamic-Adaptive-Model--ADAM-_files/figure-latex/adamSeat05Multis
tep-1.pdf>]
<Svetunkov--2023----Forecasting-and-Analytics-with-the-Augmented-Dynamic-Adapti
ve-Model--ADAM-_files/Svetunkov--2023----Forecasting-and-Analytics-with-the-Aug
mented-Dynamic-Adaptive-Model--ADAM-_files/figure-latex/adamSeat03QQ-1.pdf, id=
5479, 437.635pt x 283.0575pt>
File: Svetunkov--2023----Forecasting-and-Analytics-with-the-Augmented-Dynamic-A
daptive-Model--ADAM-_files/Svetunkov--2023----Forecasting-and-Analytics-with-th
e-Augmented-Dynamic-Adaptive-Model--ADAM-_files/figure-latex/adamSeat03QQ-1.pdf
 Graphic file (type pdf)
<use Svetunkov--2023----Forecasting-and-Analytics-with-the-Augmented-Dynamic-Ad
aptive-Model--ADAM-_files/Svetunkov--2023----Forecasting-and-Analytics-with-the
-Augmented-Dynamic-Adaptive-Model--ADAM-_files/figure-latex/adamSeat03QQ-1.pdf>

Package pdftex.def Info: Svetunkov--2023----Forecasting-and-Analytics-with-the-
Augmented-Dynamic-Adaptive-Model--ADAM-_files/Svetunkov--2023----Forecasting-an
d-Analytics-with-the-Augmented-Dynamic-Adaptive-Model--ADAM-_files/figure-latex
/adamSeat03QQ-1.pdf  used on input line 10625.
(pdftex.def)             Requested size: 437.63393pt x 283.0568pt.
[348 <./Svetunkov--2023----Forecasting-and-Analytics-with-the-Augmented-Dynamic
-Adaptive-Model--ADAM-_files/Svetunkov--2023----Forecasting-and-Analytics-with-
the-Augmented-Dynamic-Adaptive-Model--ADAM-_files/figure-latex/adamSeat03QQ-1.p
df>]
<Svetunkov--2023----Forecasting-and-Analytics-with-the-Augmented-Dynamic-Adapti
ve-Model--ADAM-_files/Svetunkov--2023----Forecasting-and-Analytics-with-the-Aug
mented-Dynamic-Adaptive-Model--ADAM-_files/figure-latex/adamSeat16QQ-1.pdf, id=
5494, 437.635pt x 283.0575pt>
File: Svetunkov--2023----Forecasting-and-Analytics-with-the-Augmented-Dynamic-A
daptive-Model--ADAM-_files/Svetunkov--2023----Forecasting-and-Analytics-with-th
e-Augmented-Dynamic-Adaptive-Model--ADAM-_files/figure-latex/adamSeat16QQ-1.pdf
 Graphic file (type pdf)
<use Svetunkov--2023----Forecasting-and-Analytics-with-the-Augmented-Dynamic-Ad
aptive-Model--ADAM-_files/Svetunkov--2023----Forecasting-and-Analytics-with-the
-Augmented-Dynamic-Adaptive-Model--ADAM-_files/figure-latex/adamSeat16QQ-1.pdf>

Package pdftex.def Info: Svetunkov--2023----Forecasting-and-Analytics-with-the-
Augmented-Dynamic-Adaptive-Model--ADAM-_files/Svetunkov--2023----Forecasting-an
d-Analytics-with-the-Augmented-Dynamic-Adaptive-Model--ADAM-_files/figure-latex
/adamSeat16QQ-1.pdf  used on input line 10642.
(pdftex.def)             Requested size: 437.63393pt x 283.0568pt.
<Svetunkov--2023----Forecasting-and-Analytics-with-the-Augmented-Dynamic-Adapti
ve-Model--ADAM-_files/Svetunkov--2023----Forecasting-and-Analytics-with-the-Aug
mented-Dynamic-Adaptive-Model--ADAM-_files/figure-latex/adamSeat17QQ-1.pdf, id=
5496, 446.66875pt x 283.0575pt>
File: Svetunkov--2023----Forecasting-and-Analytics-with-the-Augmented-Dynamic-A
daptive-Model--ADAM-_files/Svetunkov--2023----Forecasting-and-Analytics-with-th
e-Augmented-Dynamic-Adaptive-Model--ADAM-_files/figure-latex/adamSeat17QQ-1.pdf
 Graphic file (type pdf)
<use Svetunkov--2023----Forecasting-and-Analytics-with-the-Augmented-Dynamic-Ad
aptive-Model--ADAM-_files/Svetunkov--2023----Forecasting-and-Analytics-with-the
-Augmented-Dynamic-Adaptive-Model--ADAM-_files/figure-latex/adamSeat17QQ-1.pdf>

Package pdftex.def Info: Svetunkov--2023----Forecasting-and-Analytics-with-the-
Augmented-Dynamic-Adaptive-Model--ADAM-_files/Svetunkov--2023----Forecasting-an
d-Analytics-with-the-Augmented-Dynamic-Adaptive-Model--ADAM-_files/figure-latex
/adamSeat17QQ-1.pdf  used on input line 10659.
(pdftex.def)             Requested size: 446.66765pt x 283.0568pt.
[349 <./Svetunkov--2023----Forecasting-and-Analytics-with-the-Augmented-Dynamic
-Adaptive-Model--ADAM-_files/Svetunkov--2023----Forecasting-and-Analytics-with-
the-Augmented-Dynamic-Adaptive-Model--ADAM-_files/figure-latex/adamSeat16QQ-1.p
df>] [350 <./Svetunkov--2023----Forecasting-and-Analytics-with-the-Augmented-Dy
namic-Adaptive-Model--ADAM-_files/Svetunkov--2023----Forecasting-and-Analytics-
with-the-Augmented-Dynamic-Adaptive-Model--ADAM-_files/figure-latex/adamSeat17Q
Q-1.pdf>]
<Svetunkov--2023----Forecasting-and-Analytics-with-the-Augmented-Dynamic-Adapti
ve-Model--ADAM-_files/Svetunkov--2023----Forecasting-and-Analytics-with-the-Aug
mented-Dynamic-Adaptive-Model--ADAM-_files/figure-latex/adamSeat3Density-1.pdf,
 id=5525, 435.6275pt x 241.90375pt>
File: Svetunkov--2023----Forecasting-and-Analytics-with-the-Augmented-Dynamic-A
daptive-Model--ADAM-_files/Svetunkov--2023----Forecasting-and-Analytics-with-th
e-Augmented-Dynamic-Adaptive-Model--ADAM-_files/figure-latex/adamSeat3Density-1
.pdf Graphic file (type pdf)
<use Svetunkov--2023----Forecasting-and-Analytics-with-the-Augmented-Dynamic-Ad
aptive-Model--ADAM-_files/Svetunkov--2023----Forecasting-and-Analytics-with-the
-Augmented-Dynamic-Adaptive-Model--ADAM-_files/figure-latex/adamSeat3Density-1.
pdf>
Package pdftex.def Info: Svetunkov--2023----Forecasting-and-Analytics-with-the-
Augmented-Dynamic-Adaptive-Model--ADAM-_files/Svetunkov--2023----Forecasting-an
d-Analytics-with-the-Augmented-Dynamic-Adaptive-Model--ADAM-_files/figure-latex
/adamSeat3Density-1.pdf  used on input line 10705.
(pdftex.def)             Requested size: 435.62643pt x 241.90315pt.
<Svetunkov--2023----Forecasting-and-Analytics-with-the-Augmented-Dynamic-Adapti
ve-Model--ADAM-_files/Svetunkov--2023----Forecasting-and-Analytics-with-the-Aug
mented-Dynamic-Adaptive-Model--ADAM-_files/figure-latex/adamSeat17Density-1.pdf
, id=5528, 429.605pt x 247.92625pt>
File: Svetunkov--2023----Forecasting-and-Analytics-with-the-Augmented-Dynamic-A
daptive-Model--ADAM-_files/Svetunkov--2023----Forecasting-and-Analytics-with-th
e-Augmented-Dynamic-Adaptive-Model--ADAM-_files/figure-latex/adamSeat17Density-
1.pdf Graphic file (type pdf)
<use Svetunkov--2023----Forecasting-and-Analytics-with-the-Augmented-Dynamic-Ad
aptive-Model--ADAM-_files/Svetunkov--2023----Forecasting-and-Analytics-with-the
-Augmented-Dynamic-Adaptive-Model--ADAM-_files/figure-latex/adamSeat17Density-1
.pdf>
Package pdftex.def Info: Svetunkov--2023----Forecasting-and-Analytics-with-the-
Augmented-Dynamic-Adaptive-Model--ADAM-_files/Svetunkov--2023----Forecasting-an
d-Analytics-with-the-Augmented-Dynamic-Adaptive-Model--ADAM-_files/figure-latex
/adamSeat17Density-1.pdf  used on input line 10726.
(pdftex.def)             Requested size: 429.60394pt x 247.92564pt.
[351 <./Svetunkov--2023----Forecasting-and-Analytics-with-the-Augmented-Dynamic
-Adaptive-Model--ADAM-_files/Svetunkov--2023----Forecasting-and-Analytics-with-
the-Augmented-Dynamic-Adaptive-Model--ADAM-_files/figure-latex/adamSeat3Density
-1.pdf>] [352 <./Svetunkov--2023----Forecasting-and-Analytics-with-the-Augmente
d-Dynamic-Adaptive-Model--ADAM-_files/Svetunkov--2023----Forecasting-and-Analyt
ics-with-the-Augmented-Dynamic-Adaptive-Model--ADAM-_files/figure-latex/adamSea
t17Density-1.pdf>]
Overfull \hbox (85.49875pt too wide) in paragraph at lines 10758--10758
[]\T1/lmtt/m/n/10 ##        s1        s2        s3        s4        s5        s
6        s7        s8[] 
 []


Overfull \hbox (85.49875pt too wide) in paragraph at lines 10758--10758
[]\T1/lmtt/m/n/10 ## 0.9999992 0.9999992 0.9999991 0.9999991 0.9999992 0.999999
2 0.9999992 0.9999991[] 
 []

[353] [354

]
Chapter 15.

Overfull \hbox (149.72928pt too wide) in paragraph at lines 10772--10774
[]\T1/lmr/m/n/10 (-20) Which of the base mod-els to use: ETS/ARIMA/ETS+ARIMA/Re
gression/ETSX/ARIMAX/ETSX+ARIMA? 
 []

[355]
Underfull \vbox (badness 4132) has occurred while \output is active []

[356] [357] [358] [359] [360]
<Svetunkov--2023----Forecasting-and-Analytics-with-the-Augmented-Dynamic-Adapti
ve-Model--ADAM-_files/Svetunkov--2023----Forecasting-and-Analytics-with-the-Aug
mented-Dynamic-Adaptive-Model--ADAM-_files/figure-latex/adamARIMAModelFitExampl
e-1.pdf, id=5670, 407.5225pt x 253.94875pt>
File: Svetunkov--2023----Forecasting-and-Analytics-with-the-Augmented-Dynamic-A
daptive-Model--ADAM-_files/Svetunkov--2023----Forecasting-and-Analytics-with-th
e-Augmented-Dynamic-Adaptive-Model--ADAM-_files/figure-latex/adamARIMAModelFitE
xample-1.pdf Graphic file (type pdf)
<use Svetunkov--2023----Forecasting-and-Analytics-with-the-Augmented-Dynamic-Ad
aptive-Model--ADAM-_files/Svetunkov--2023----Forecasting-and-Analytics-with-the
-Augmented-Dynamic-Adaptive-Model--ADAM-_files/figure-latex/adamARIMAModelFitEx
ample-1.pdf>
Package pdftex.def Info: Svetunkov--2023----Forecasting-and-Analytics-with-the-
Augmented-Dynamic-Adaptive-Model--ADAM-_files/Svetunkov--2023----Forecasting-an
d-Analytics-with-the-Augmented-Dynamic-Adaptive-Model--ADAM-_files/figure-latex
/adamARIMAModelFitExample-1.pdf  used on input line 11006.
(pdftex.def)             Requested size: 407.5215pt x 253.94812pt.
[361 <./Svetunkov--2023----Forecasting-and-Analytics-with-the-Augmented-Dynamic
-Adaptive-Model--ADAM-_files/Svetunkov--2023----Forecasting-and-Analytics-with-
the-Augmented-Dynamic-Adaptive-Model--ADAM-_files/figure-latex/adamARIMAModelFi
tExample-1.pdf>] [362] [363]
Overfull \hbox (74.99878pt too wide) in paragraph at lines 11109--11109
[]\T1/lmtt/m/n/10 ## Warning: The OPG covariance could not be computed for this
 model (unsupported[] 
 []


Overfull \hbox (43.49887pt too wide) in paragraph at lines 11109--11109
[]\T1/lmtt/m/n/10 ## parameter type or numerical failure); falling back to the 
Hessian-based[] 
 []


Overfull \hbox (85.49875pt too wide) in paragraph at lines 11116--11116
[]\T1/lmtt/m/n/10 ## Warning: Observed Fisher Information is not positive semi-
definite, which might[] 
 []


Overfull \hbox (80.24876pt too wide) in paragraph at lines 11116--11116
[]\T1/lmtt/m/n/10 ## mean that the likelihood was not maximised properly. There
\TS1/lmtt/m/n/10 '\T1/lmtt/m/n/10 s not much I can do[] 
 []


Overfull \hbox (32.9989pt too wide) in paragraph at lines 11116--11116
[]\T1/lmtt/m/n/10 ## with that. Just keep in mind that there might be some issu
es with the[] 
 []

[364]
Overfull \hbox (74.99878pt too wide) in paragraph at lines 11157--11157
[]\T1/lmtt/m/n/10 ## Warning: The OPG covariance could not be computed for this
 model (unsupported[] 
 []


Overfull \hbox (43.49887pt too wide) in paragraph at lines 11157--11157
[]\T1/lmtt/m/n/10 ## parameter type or numerical failure); falling back to the 
Hessian-based[] 
 []


Overfull \hbox (85.49875pt too wide) in paragraph at lines 11164--11164
[]\T1/lmtt/m/n/10 ## Warning: Observed Fisher Information is not positive semi-
definite, which might[] 
 []


Overfull \hbox (80.24876pt too wide) in paragraph at lines 11164--11164
[]\T1/lmtt/m/n/10 ## mean that the likelihood was not maximised properly. There
\TS1/lmtt/m/n/10 '\T1/lmtt/m/n/10 s not much I can do[] 
 []


Overfull \hbox (32.9989pt too wide) in paragraph at lines 11164--11164
[]\T1/lmtt/m/n/10 ## with that. Just keep in mind that there might be some issu
es with the[] 
 []

[365] [366]
<Svetunkov--2023----Forecasting-and-Analytics-with-the-Augmented-Dynamic-Adapti
ve-Model--ADAM-_files/Svetunkov--2023----Forecasting-and-Analytics-with-the-Aug
mented-Dynamic-Adaptive-Model--ADAM-_files/figure-latex/adamETSCCN-1.pdf, id=57
60, 407.5225pt x 253.94875pt>
File: Svetunkov--2023----Forecasting-and-Analytics-with-the-Augmented-Dynamic-A
daptive-Model--ADAM-_files/Svetunkov--2023----Forecasting-and-Analytics-with-th
e-Augmented-Dynamic-Adaptive-Model--ADAM-_files/figure-latex/adamETSCCN-1.pdf G
raphic file (type pdf)
<use Svetunkov--2023----Forecasting-and-Analytics-with-the-Augmented-Dynamic-Ad
aptive-Model--ADAM-_files/Svetunkov--2023----Forecasting-and-Analytics-with-the
-Augmented-Dynamic-Adaptive-Model--ADAM-_files/figure-latex/adamETSCCN-1.pdf>
Package pdftex.def Info: Svetunkov--2023----Forecasting-and-Analytics-with-the-
Augmented-Dynamic-Adaptive-Model--ADAM-_files/Svetunkov--2023----Forecasting-an
d-Analytics-with-the-Augmented-Dynamic-Adaptive-Model--ADAM-_files/figure-latex
/adamETSCCN-1.pdf  used on input line 11249.
(pdftex.def)             Requested size: 407.5215pt x 253.94812pt.
[367]
<Svetunkov--2023----Forecasting-and-Analytics-with-the-Augmented-Dynamic-Adapti
ve-Model--ADAM-_files/Svetunkov--2023----Forecasting-and-Analytics-with-the-Aug
mented-Dynamic-Adaptive-Model--ADAM-_files/figure-latex/adamETSCCNAAdN-1.pdf, i
d=5768, 407.5225pt x 253.94875pt>
File: Svetunkov--2023----Forecasting-and-Analytics-with-the-Augmented-Dynamic-A
daptive-Model--ADAM-_files/Svetunkov--2023----Forecasting-and-Analytics-with-th
e-Augmented-Dynamic-Adaptive-Model--ADAM-_files/figure-latex/adamETSCCNAAdN-1.p
df Graphic file (type pdf)
<use Svetunkov--2023----Forecasting-and-Analytics-with-the-Augmented-Dynamic-Ad
aptive-Model--ADAM-_files/Svetunkov--2023----Forecasting-and-Analytics-with-the
-Augmented-Dynamic-Adaptive-Model--ADAM-_files/figure-latex/adamETSCCNAAdN-1.pd
f>
Package pdftex.def Info: Svetunkov--2023----Forecasting-and-Analytics-with-the-
Augmented-Dynamic-Adaptive-Model--ADAM-_files/Svetunkov--2023----Forecasting-an
d-Analytics-with-the-Augmented-Dynamic-Adaptive-Model--ADAM-_files/figure-latex
/adamETSCCNAAdN-1.pdf  used on input line 11265.
(pdftex.def)             Requested size: 407.5215pt x 253.94812pt.
[368 <./Svetunkov--2023----Forecasting-and-Analytics-with-the-Augmented-Dynamic
-Adaptive-Model--ADAM-_files/Svetunkov--2023----Forecasting-and-Analytics-with-
the-Augmented-Dynamic-Adaptive-Model--ADAM-_files/figure-latex/adamETSCCN-1.pdf
>] [369 <./Svetunkov--2023----Forecasting-and-Analytics-with-the-Augmented-Dyna
mic-Adaptive-Model--ADAM-_files/Svetunkov--2023----Forecasting-and-Analytics-wi
th-the-Augmented-Dynamic-Adaptive-Model--ADAM-_files/figure-latex/adamETSCCNAAd
N-1.pdf>] [370]
<Svetunkov--2023----Forecasting-and-Analytics-with-the-Augmented-Dynamic-Adapti
ve-Model--ADAM-_files/Svetunkov--2023----Forecasting-and-Analytics-with-the-Aug
mented-Dynamic-Adaptive-Model--ADAM-_files/figure-latex/adamCombinedfinalForeca
st-1.pdf, id=5806, 438.63875pt x 296.10625pt>
File: Svetunkov--2023----Forecasting-and-Analytics-with-the-Augmented-Dynamic-A
daptive-Model--ADAM-_files/Svetunkov--2023----Forecasting-and-Analytics-with-th
e-Augmented-Dynamic-Adaptive-Model--ADAM-_files/figure-latex/adamCombinedfinalF
orecast-1.pdf Graphic file (type pdf)
<use Svetunkov--2023----Forecasting-and-Analytics-with-the-Augmented-Dynamic-Ad
aptive-Model--ADAM-_files/Svetunkov--2023----Forecasting-and-Analytics-with-the
-Augmented-Dynamic-Adaptive-Model--ADAM-_files/figure-latex/adamCombinedfinalFo
recast-1.pdf>
Package pdftex.def Info: Svetunkov--2023----Forecasting-and-Analytics-with-the-
Augmented-Dynamic-Adaptive-Model--ADAM-_files/Svetunkov--2023----Forecasting-an
d-Analytics-with-the-Augmented-Dynamic-Adaptive-Model--ADAM-_files/figure-latex
/adamCombinedfinalForecast-1.pdf  used on input line 11386.
(pdftex.def)             Requested size: 438.63766pt x 296.10551pt.
[371 <./Svetunkov--2023----Forecasting-and-Analytics-with-the-Augmented-Dynamic
-Adaptive-Model--ADAM-_files/Svetunkov--2023----Forecasting-and-Analytics-with-
the-Augmented-Dynamic-Adaptive-Model--ADAM-_files/figure-latex/adamCombinedfina
lForecast-1.pdf>] [372]
Chapter 16.
[373

] [374]
<Svetunkov--2023----Forecasting-and-Analytics-with-the-Augmented-Dynamic-Adapti
ve-Model--ADAM-_files/Svetunkov--2023----Forecasting-and-Analytics-with-the-Aug
mented-Dynamic-Adaptive-Model--ADAM-_files/figure-latex/adamSimulated-1.pdf, id
=5862, 436.63126pt x 248.93pt>
File: Svetunkov--2023----Forecasting-and-Analytics-with-the-Augmented-Dynamic-A
daptive-Model--ADAM-_files/Svetunkov--2023----Forecasting-and-Analytics-with-th
e-Augmented-Dynamic-Adaptive-Model--ADAM-_files/figure-latex/adamSimulated-1.pd
f Graphic file (type pdf)
<use Svetunkov--2023----Forecasting-and-Analytics-with-the-Augmented-Dynamic-Ad
aptive-Model--ADAM-_files/Svetunkov--2023----Forecasting-and-Analytics-with-the
-Augmented-Dynamic-Adaptive-Model--ADAM-_files/figure-latex/adamSimulated-1.pdf
>
Package pdftex.def Info: Svetunkov--2023----Forecasting-and-Analytics-with-the-
Augmented-Dynamic-Adaptive-Model--ADAM-_files/Svetunkov--2023----Forecasting-an
d-Analytics-with-the-Augmented-Dynamic-Adaptive-Model--ADAM-_files/figure-latex
/adamSimulated-1.pdf  used on input line 11445.
(pdftex.def)             Requested size: 436.63019pt x 248.92938pt.

Underfull \vbox (badness 10000) has occurred while \output is active []

[375 <./Svetunkov--2023----Forecasting-and-Analytics-with-the-Augmented-Dynamic
-Adaptive-Model--ADAM-_files/Svetunkov--2023----Forecasting-and-Analytics-with-
the-Augmented-Dynamic-Adaptive-Model--ADAM-_files/figure-latex/adamSimulated-1.
pdf>] [376]
Underfull \hbox (badness 2460) in paragraph at lines 11515--11516
[]\T1/lmr/m/it/10 (+20) Remark. []\T1/lmr/m/n/10 (+20) This method only works w
hen \T1/lmtt/m/n/10 loss="likelihood" \T1/lmr/m/n/10 (+20) or when
 []

[377]
Underfull \hbox (badness 4254) in paragraph at lines 11536--11537
[]\T1/lmr/m/n/10 (+20) The co-vari-ance ma-trix can then be ex-tracted from the
 re-sult via
 []


Overfull \hbox (48.74886pt too wide) in paragraph at lines 11548--11548
[]\T1/lmtt/m/n/10 ## Warning: \TS1/lmtt/m/n/10 `\T1/lmtt/m/n/10 bootstrap=TRUE\
TS1/lmtt/m/n/10 ` \T1/lmtt/m/n/10 is deprecated; use \TS1/lmtt/m/n/10 `\T1/lmtt
/m/n/10 type="bootstrap"\TS1/lmtt/m/n/10 ` \T1/lmtt/m/n/10 instead.[] 
 []

[378] [379]
<Svetunkov--2023----Forecasting-and-Analytics-with-the-Augmented-Dynamic-Adapti
ve-Model--ADAM-_files/Svetunkov--2023----Forecasting-and-Analytics-with-the-Aug
mented-Dynamic-Adaptive-Model--ADAM-_files/figure-latex/adamModelBJAAdN-1.pdf, 
id=5930, 407.5225pt x 253.94875pt>
File: Svetunkov--2023----Forecasting-and-Analytics-with-the-Augmented-Dynamic-A
daptive-Model--ADAM-_files/Svetunkov--2023----Forecasting-and-Analytics-with-th
e-Augmented-Dynamic-Adaptive-Model--ADAM-_files/figure-latex/adamModelBJAAdN-1.
pdf Graphic file (type pdf)
<use Svetunkov--2023----Forecasting-and-Analytics-with-the-Augmented-Dynamic-Ad
aptive-Model--ADAM-_files/Svetunkov--2023----Forecasting-and-Analytics-with-the
-Augmented-Dynamic-Adaptive-Model--ADAM-_files/figure-latex/adamModelBJAAdN-1.p
df>
Package pdftex.def Info: Svetunkov--2023----Forecasting-and-Analytics-with-the-
Augmented-Dynamic-Adaptive-Model--ADAM-_files/Svetunkov--2023----Forecasting-an
d-Analytics-with-the-Augmented-Dynamic-Adaptive-Model--ADAM-_files/figure-latex
/adamModelBJAAdN-1.pdf  used on input line 11649.
(pdftex.def)             Requested size: 407.5215pt x 253.94812pt.
[380 <./Svetunkov--2023----Forecasting-and-Analytics-with-the-Augmented-Dynamic
-Adaptive-Model--ADAM-_files/Svetunkov--2023----Forecasting-and-Analytics-with-
the-Augmented-Dynamic-Adaptive-Model--ADAM-_files/figure-latex/adamModelBJAAdN-
1.pdf>] [381] [382] [383]
Underfull \vbox (badness 1127) has occurred while \output is active []

[384] [385] [386]
<Svetunkov--2023----Forecasting-and-Analytics-with-the-Augmented-Dynamic-Adapti
ve-Model--ADAM-_files/Svetunkov--2023----Forecasting-and-Analytics-with-the-Aug
mented-Dynamic-Adaptive-Model--ADAM-_files/figure-latex/adamETSRefitted-1.pdf, 
id=6028, 407.5225pt x 283.0575pt>
File: Svetunkov--2023----Forecasting-and-Analytics-with-the-Augmented-Dynamic-A
daptive-Model--ADAM-_files/Svetunkov--2023----Forecasting-and-Analytics-with-th
e-Augmented-Dynamic-Adaptive-Model--ADAM-_files/figure-latex/adamETSRefitted-1.
pdf Graphic file (type pdf)
<use Svetunkov--2023----Forecasting-and-Analytics-with-the-Augmented-Dynamic-Ad
aptive-Model--ADAM-_files/Svetunkov--2023----Forecasting-and-Analytics-with-the
-Augmented-Dynamic-Adaptive-Model--ADAM-_files/figure-latex/adamETSRefitted-1.p
df>
Package pdftex.def Info: Svetunkov--2023----Forecasting-and-Analytics-with-the-
Augmented-Dynamic-Adaptive-Model--ADAM-_files/Svetunkov--2023----Forecasting-an
d-Analytics-with-the-Augmented-Dynamic-Adaptive-Model--ADAM-_files/figure-latex
/adamETSRefitted-1.pdf  used on input line 11888.
(pdftex.def)             Requested size: 407.5215pt x 283.0568pt.

Underfull \hbox (badness 1163) in paragraph at lines 11892--11893
[]\T1/lmr/m/n/10 (+20) Figure []16.3[] demon-strates how the ap-proach works on
 the ex-am-ple of
 []

[387 <./Svetunkov--2023----Forecasting-and-Analytics-with-the-Augmented-Dynamic
-Adaptive-Model--ADAM-_files/Svetunkov--2023----Forecasting-and-Analytics-with-
the-Augmented-Dynamic-Adaptive-Model--ADAM-_files/figure-latex/adamETSRefitted-
1.pdf>]
<Svetunkov--2023----Forecasting-and-Analytics-with-the-Augmented-Dynamic-Adapti
ve-Model--ADAM-_files/Svetunkov--2023----Forecasting-and-Analytics-with-the-Aug
mented-Dynamic-Adaptive-Model--ADAM-_files/figure-latex/adamARIMARefitted-1.pdf
, id=6046, 407.5225pt x 283.0575pt>
File: Svetunkov--2023----Forecasting-and-Analytics-with-the-Augmented-Dynamic-A
daptive-Model--ADAM-_files/Svetunkov--2023----Forecasting-and-Analytics-with-th
e-Augmented-Dynamic-Adaptive-Model--ADAM-_files/figure-latex/adamARIMARefitted-
1.pdf Graphic file (type pdf)
<use Svetunkov--2023----Forecasting-and-Analytics-with-the-Augmented-Dynamic-Ad
aptive-Model--ADAM-_files/Svetunkov--2023----Forecasting-and-Analytics-with-the
-Augmented-Dynamic-Adaptive-Model--ADAM-_files/figure-latex/adamARIMARefitted-1
.pdf>
Package pdftex.def Info: Svetunkov--2023----Forecasting-and-Analytics-with-the-
Augmented-Dynamic-Adaptive-Model--ADAM-_files/Svetunkov--2023----Forecasting-an
d-Analytics-with-the-Augmented-Dynamic-Adaptive-Model--ADAM-_files/figure-latex
/adamARIMARefitted-1.pdf  used on input line 11929.
(pdftex.def)             Requested size: 407.5215pt x 283.0568pt.
<Svetunkov--2023----Forecasting-and-Analytics-with-the-Augmented-Dynamic-Adapti
ve-Model--ADAM-_files/Svetunkov--2023----Forecasting-and-Analytics-with-the-Aug
mented-Dynamic-Adaptive-Model--ADAM-_files/figure-latex/adamARIMARefitted200-1.
pdf, id=6048, 407.5225pt x 283.0575pt>
File: Svetunkov--2023----Forecasting-and-Analytics-with-the-Augmented-Dynamic-A
daptive-Model--ADAM-_files/Svetunkov--2023----Forecasting-and-Analytics-with-th
e-Augmented-Dynamic-Adaptive-Model--ADAM-_files/figure-latex/adamARIMARefitted2
00-1.pdf Graphic file (type pdf)
<use Svetunkov--2023----Forecasting-and-Analytics-with-the-Augmented-Dynamic-Ad
aptive-Model--ADAM-_files/Svetunkov--2023----Forecasting-and-Analytics-with-the
-Augmented-Dynamic-Adaptive-Model--ADAM-_files/figure-latex/adamARIMARefitted20
0-1.pdf>
Package pdftex.def Info: Svetunkov--2023----Forecasting-and-Analytics-with-the-
Augmented-Dynamic-Adaptive-Model--ADAM-_files/Svetunkov--2023----Forecasting-an
d-Analytics-with-the-Augmented-Dynamic-Adaptive-Model--ADAM-_files/figure-latex
/adamARIMARefitted200-1.pdf  used on input line 11946.
(pdftex.def)             Requested size: 407.5215pt x 283.0568pt.
[388] [389 <./Svetunkov--2023----Forecasting-and-Analytics-with-the-Augmented-D
ynamic-Adaptive-Model--ADAM-_files/Svetunkov--2023----Forecasting-and-Analytics
-with-the-Augmented-Dynamic-Adaptive-Model--ADAM-_files/figure-latex/adamARIMAR
efitted-1.pdf> <./Svetunkov--2023----Forecasting-and-Analytics-with-the-Augment
ed-Dynamic-Adaptive-Model--ADAM-_files/Svetunkov--2023----Forecasting-and-Analy
tics-with-the-Augmented-Dynamic-Adaptive-Model--ADAM-_files/figure-latex/adamAR
IMARefitted200-1.pdf>] [390]
Chapter 17.
[391

] [392]
Overfull \hbox (22.62386pt too wide) in paragraph at lines 12024--12025
\T1/lmr/m/n/10 (-20) More gen-er-ally speak-ing, a scale model can be cre-ated 
for any ETS/ARIMA/Regression
 []


Underfull \hbox (badness 1783) in paragraph at lines 12030--12032
\T1/lmr/m/n/10 (+20) ETS+ARIMA+Regression el-e-ments can be for-mu-lated as (Se
c-tion []6.1[],
 []

[393] [394] [395] [396]
<Svetunkov--2023----Forecasting-and-Analytics-with-the-Augmented-Dynamic-Adapti
ve-Model--ADAM-_files/Svetunkov--2023----Forecasting-and-Analytics-with-the-Aug
mented-Dynamic-Adaptive-Model--ADAM-_files/figure-latex/adamModelETSXMNMDiagnos
tics48-1.pdf, id=6221, 453.695pt x 314.17375pt>
File: Svetunkov--2023----Forecasting-and-Analytics-with-the-Augmented-Dynamic-A
daptive-Model--ADAM-_files/Svetunkov--2023----Forecasting-and-Analytics-with-th
e-Augmented-Dynamic-Adaptive-Model--ADAM-_files/figure-latex/adamModelETSXMNMDi
agnostics48-1.pdf Graphic file (type pdf)
<use Svetunkov--2023----Forecasting-and-Analytics-with-the-Augmented-Dynamic-Ad
aptive-Model--ADAM-_files/Svetunkov--2023----Forecasting-and-Analytics-with-the
-Augmented-Dynamic-Adaptive-Model--ADAM-_files/figure-latex/adamModelETSXMNMDia
gnostics48-1.pdf>
Package pdftex.def Info: Svetunkov--2023----Forecasting-and-Analytics-with-the-
Augmented-Dynamic-Adaptive-Model--ADAM-_files/Svetunkov--2023----Forecasting-an
d-Analytics-with-the-Augmented-Dynamic-Adaptive-Model--ADAM-_files/figure-latex
/adamModelETSXMNMDiagnostics48-1.pdf  used on input line 12223.
(pdftex.def)             Requested size: 453.6939pt x 314.17297pt.
<Svetunkov--2023----Forecasting-and-Analytics-with-the-Augmented-Dynamic-Adapti
ve-Model--ADAM-_files/Svetunkov--2023----Forecasting-and-Analytics-with-the-Aug
mented-Dynamic-Adaptive-Model--ADAM-_files/figure-latex/adamModelETSXMNMDiagnos
tics1516-1.pdf, id=6223, 453.695pt x 316.18124pt>
File: Svetunkov--2023----Forecasting-and-Analytics-with-the-Augmented-Dynamic-A
daptive-Model--ADAM-_files/Svetunkov--2023----Forecasting-and-Analytics-with-th
e-Augmented-Dynamic-Adaptive-Model--ADAM-_files/figure-latex/adamModelETSXMNMDi
agnostics1516-1.pdf Graphic file (type pdf)
<use Svetunkov--2023----Forecasting-and-Analytics-with-the-Augmented-Dynamic-Ad
aptive-Model--ADAM-_files/Svetunkov--2023----Forecasting-and-Analytics-with-the
-Augmented-Dynamic-Adaptive-Model--ADAM-_files/figure-latex/adamModelETSXMNMDia
gnostics1516-1.pdf>
Package pdftex.def Info: Svetunkov--2023----Forecasting-and-Analytics-with-the-
Augmented-Dynamic-Adaptive-Model--ADAM-_files/Svetunkov--2023----Forecasting-an
d-Analytics-with-the-Augmented-Dynamic-Adaptive-Model--ADAM-_files/figure-latex
/adamModelETSXMNMDiagnostics1516-1.pdf  used on input line 12238.
(pdftex.def)             Requested size: 453.6939pt x 316.18047pt.
[397] [398 <./Svetunkov--2023----Forecasting-and-Analytics-with-the-Augmented-D
ynamic-Adaptive-Model--ADAM-_files/Svetunkov--2023----Forecasting-and-Analytics
-with-the-Augmented-Dynamic-Adaptive-Model--ADAM-_files/figure-latex/adamModelE
TSXMNMDiagnostics48-1.pdf> <./Svetunkov--2023----Forecasting-and-Analytics-with
-the-Augmented-Dynamic-Adaptive-Model--ADAM-_files/Svetunkov--2023----Forecasti
ng-and-Analytics-with-the-Augmented-Dynamic-Adaptive-Model--ADAM-_files/figure-
latex/adamModelETSXMNMDiagnostics1516-1.pdf>]
<Svetunkov--2023----Forecasting-and-Analytics-with-the-Augmented-Dynamic-Adapti
ve-Model--ADAM-_files/Svetunkov--2023----Forecasting-and-Analytics-with-the-Aug
mented-Dynamic-Adaptive-Model--ADAM-_files/figure-latex/adamModelETSXMNMDiagnos
ticsXreg-1.pdf, id=6255, 459.7175pt x 311.1625pt>
File: Svetunkov--2023----Forecasting-and-Analytics-with-the-Augmented-Dynamic-A
daptive-Model--ADAM-_files/Svetunkov--2023----Forecasting-and-Analytics-with-th
e-Augmented-Dynamic-Adaptive-Model--ADAM-_files/figure-latex/adamModelETSXMNMDi
agnosticsXreg-1.pdf Graphic file (type pdf)
<use Svetunkov--2023----Forecasting-and-Analytics-with-the-Augmented-Dynamic-Ad
aptive-Model--ADAM-_files/Svetunkov--2023----Forecasting-and-Analytics-with-the
-Augmented-Dynamic-Adaptive-Model--ADAM-_files/figure-latex/adamModelETSXMNMDia
gnosticsXreg-1.pdf>
Package pdftex.def Info: Svetunkov--2023----Forecasting-and-Analytics-with-the-
Augmented-Dynamic-Adaptive-Model--ADAM-_files/Svetunkov--2023----Forecasting-an
d-Analytics-with-the-Augmented-Dynamic-Adaptive-Model--ADAM-_files/figure-latex
/adamModelETSXMNMDiagnosticsXreg-1.pdf  used on input line 12254.
(pdftex.def)             Requested size: 459.71637pt x 311.16174pt.
[399 <./Svetunkov--2023----Forecasting-and-Analytics-with-the-Augmented-Dynamic
-Adaptive-Model--ADAM-_files/Svetunkov--2023----Forecasting-and-Analytics-with-
the-Augmented-Dynamic-Adaptive-Model--ADAM-_files/figure-latex/adamModelETSXMNM
DiagnosticsXreg-1.pdf>]
Overfull \hbox (59.24883pt too wide) in paragraph at lines 12271--12271
[]\T1/lmtt/m/n/10 ## Warning: This type of model can only be applied to the dat
a in logarithms.[] 
 []


Overfull \hbox (74.99878pt too wide) in paragraph at lines 12285--12285
[]\T1/lmtt/m/n/10 ## Warning: The OPG covariance could not be computed for this
 model (unsupported[] 
 []


Overfull \hbox (43.49887pt too wide) in paragraph at lines 12285--12285
[]\T1/lmtt/m/n/10 ## parameter type or numerical failure); falling back to the 
Hessian-based[] 
 []

[400]
<Svetunkov--2023----Forecasting-and-Analytics-with-the-Augmented-Dynamic-Adapti
ve-Model--ADAM-_files/Svetunkov--2023----Forecasting-and-Analytics-with-the-Aug
mented-Dynamic-Adaptive-Model--ADAM-_files/figure-latex/adamModelAirLocationDia
gnostics-1.pdf, id=6277, 436.63126pt x 283.0575pt>
File: Svetunkov--2023----Forecasting-and-Analytics-with-the-Augmented-Dynamic-A
daptive-Model--ADAM-_files/Svetunkov--2023----Forecasting-and-Analytics-with-th
e-Augmented-Dynamic-Adaptive-Model--ADAM-_files/figure-latex/adamModelAirLocati
onDiagnostics-1.pdf Graphic file (type pdf)
<use Svetunkov--2023----Forecasting-and-Analytics-with-the-Augmented-Dynamic-Ad
aptive-Model--ADAM-_files/Svetunkov--2023----Forecasting-and-Analytics-with-the
-Augmented-Dynamic-Adaptive-Model--ADAM-_files/figure-latex/adamModelAirLocatio
nDiagnostics-1.pdf>
Package pdftex.def Info: Svetunkov--2023----Forecasting-and-Analytics-with-the-
Augmented-Dynamic-Adaptive-Model--ADAM-_files/Svetunkov--2023----Forecasting-an
d-Analytics-with-the-Augmented-Dynamic-Adaptive-Model--ADAM-_files/figure-latex
/adamModelAirLocationDiagnostics-1.pdf  used on input line 12329.
(pdftex.def)             Requested size: 436.63019pt x 283.0568pt.
[401 <./Svetunkov--2023----Forecasting-and-Analytics-with-the-Augmented-Dynamic
-Adaptive-Model--ADAM-_files/Svetunkov--2023----Forecasting-and-Analytics-with-
the-Augmented-Dynamic-Adaptive-Model--ADAM-_files/figure-latex/adamModelAirLoca
tionDiagnostics-1.pdf>]
<Svetunkov--2023----Forecasting-and-Analytics-with-the-Augmented-Dynamic-Adapti
ve-Model--ADAM-_files/Svetunkov--2023----Forecasting-and-Analytics-with-the-Aug
mented-Dynamic-Adaptive-Model--ADAM-_files/figure-latex/adamModelAirScaleLinear
-1.pdf, id=6293, 407.5225pt x 253.94875pt>
File: Svetunkov--2023----Forecasting-and-Analytics-with-the-Augmented-Dynamic-A
daptive-Model--ADAM-_files/Svetunkov--2023----Forecasting-and-Analytics-with-th
e-Augmented-Dynamic-Adaptive-Model--ADAM-_files/figure-latex/adamModelAirScaleL
inear-1.pdf Graphic file (type pdf)
<use Svetunkov--2023----Forecasting-and-Analytics-with-the-Augmented-Dynamic-Ad
aptive-Model--ADAM-_files/Svetunkov--2023----Forecasting-and-Analytics-with-the
-Augmented-Dynamic-Adaptive-Model--ADAM-_files/figure-latex/adamModelAirScaleLi
near-1.pdf>
Package pdftex.def Info: Svetunkov--2023----Forecasting-and-Analytics-with-the-
Augmented-Dynamic-Adaptive-Model--ADAM-_files/Svetunkov--2023----Forecasting-an
d-Analytics-with-the-Augmented-Dynamic-Adaptive-Model--ADAM-_files/figure-latex
/adamModelAirScaleLinear-1.pdf  used on input line 12402.
(pdftex.def)             Requested size: 407.5215pt x 253.94812pt.
[402]
Overfull \hbox (17.24895pt too wide) in paragraph at lines 12419--12419
[]\T1/lmtt/m/n/10 ## Note that residuals diagnostics plots are produced for sca
le model[] 
 []

<Svetunkov--2023----Forecasting-and-Analytics-with-the-Augmented-Dynamic-Adapti
ve-Model--ADAM-_files/Svetunkov--2023----Forecasting-and-Analytics-with-the-Aug
mented-Dynamic-Adaptive-Model--ADAM-_files/figure-latex/adamModelAirMergedDiagn
ostics-1.pdf, id=6302, 467.7475pt x 317.185pt>
File: Svetunkov--2023----Forecasting-and-Analytics-with-the-Augmented-Dynamic-A
daptive-Model--ADAM-_files/Svetunkov--2023----Forecasting-and-Analytics-with-th
e-Augmented-Dynamic-Adaptive-Model--ADAM-_files/figure-latex/adamModelAirMerged
Diagnostics-1.pdf Graphic file (type pdf)
<use Svetunkov--2023----Forecasting-and-Analytics-with-the-Augmented-Dynamic-Ad
aptive-Model--ADAM-_files/Svetunkov--2023----Forecasting-and-Analytics-with-the
-Augmented-Dynamic-Adaptive-Model--ADAM-_files/figure-latex/adamModelAirMergedD
iagnostics-1.pdf>
Package pdftex.def Info: Svetunkov--2023----Forecasting-and-Analytics-with-the-
Augmented-Dynamic-Adaptive-Model--ADAM-_files/Svetunkov--2023----Forecasting-an
d-Analytics-with-the-Augmented-Dynamic-Adaptive-Model--ADAM-_files/figure-latex
/adamModelAirMergedDiagnostics-1.pdf  used on input line 12423.
(pdftex.def)             Requested size: 467.74634pt x 317.1842pt.
[403 <./Svetunkov--2023----Forecasting-and-Analytics-with-the-Augmented-Dynamic
-Adaptive-Model--ADAM-_files/Svetunkov--2023----Forecasting-and-Analytics-with-
the-Augmented-Dynamic-Adaptive-Model--ADAM-_files/figure-latex/adamModelAirScal
eLinear-1.pdf>]
<Svetunkov--2023----Forecasting-and-Analytics-with-the-Augmented-Dynamic-Adapti
ve-Model--ADAM-_files/Svetunkov--2023----Forecasting-and-Analytics-with-the-Aug
mented-Dynamic-Adaptive-Model--ADAM-_files/figure-latex/adamModelAirScaleForeca
st-1.pdf, id=6320, 414.54875pt x 253.94875pt>
File: Svetunkov--2023----Forecasting-and-Analytics-with-the-Augmented-Dynamic-A
daptive-Model--ADAM-_files/Svetunkov--2023----Forecasting-and-Analytics-with-th
e-Augmented-Dynamic-Adaptive-Model--ADAM-_files/figure-latex/adamModelAirScaleF
orecast-1.pdf Graphic file (type pdf)
<use Svetunkov--2023----Forecasting-and-Analytics-with-the-Augmented-Dynamic-Ad
aptive-Model--ADAM-_files/Svetunkov--2023----Forecasting-and-Analytics-with-the
-Augmented-Dynamic-Adaptive-Model--ADAM-_files/figure-latex/adamModelAirScaleFo
recast-1.pdf>
Package pdftex.def Info: Svetunkov--2023----Forecasting-and-Analytics-with-the-
Augmented-Dynamic-Adaptive-Model--ADAM-_files/Svetunkov--2023----Forecasting-an
d-Analytics-with-the-Augmented-Dynamic-Adaptive-Model--ADAM-_files/figure-latex
/adamModelAirScaleForecast-1.pdf  used on input line 12445.
(pdftex.def)             Requested size: 414.54773pt x 253.94812pt.
[404 <./Svetunkov--2023----Forecasting-and-Analytics-with-the-Augmented-Dynamic
-Adaptive-Model--ADAM-_files/Svetunkov--2023----Forecasting-and-Analytics-with-
the-Augmented-Dynamic-Adaptive-Model--ADAM-_files/figure-latex/adamModelAirMerg
edDiagnostics-1.pdf>] [405 <./Svetunkov--2023----Forecasting-and-Analytics-with
-the-Augmented-Dynamic-Adaptive-Model--ADAM-_files/Svetunkov--2023----Forecasti
ng-and-Analytics-with-the-Augmented-Dynamic-Adaptive-Model--ADAM-_files/figure-
latex/adamModelAirScaleForecast-1.pdf>] [406

]
Chapter 18.
[407]
<Svetunkov--2023----Forecasting-and-Analytics-with-the-Augmented-Dynamic-Adapti
ve-Model--ADAM-_files/Svetunkov--2023----Forecasting-and-Analytics-with-the-Aug
mented-Dynamic-Adaptive-Model--ADAM-_files/figure-latex/adamScenarios-1.pdf, id
=6373, 436.63126pt x 248.93pt>
File: Svetunkov--2023----Forecasting-and-Analytics-with-the-Augmented-Dynamic-A
daptive-Model--ADAM-_files/Svetunkov--2023----Forecasting-and-Analytics-with-th
e-Augmented-Dynamic-Adaptive-Model--ADAM-_files/figure-latex/adamScenarios-1.pd
f Graphic file (type pdf)
<use Svetunkov--2023----Forecasting-and-Analytics-with-the-Augmented-Dynamic-Ad
aptive-Model--ADAM-_files/Svetunkov--2023----Forecasting-and-Analytics-with-the
-Augmented-Dynamic-Adaptive-Model--ADAM-_files/figure-latex/adamScenarios-1.pdf
>
Package pdftex.def Info: Svetunkov--2023----Forecasting-and-Analytics-with-the-
Augmented-Dynamic-Adaptive-Model--ADAM-_files/Svetunkov--2023----Forecasting-an
d-Analytics-with-the-Augmented-Dynamic-Adaptive-Model--ADAM-_files/figure-latex
/adamScenarios-1.pdf  used on input line 12490.
(pdftex.def)             Requested size: 436.63019pt x 248.92938pt.
[408]
Underfull \vbox (badness 1264) has occurred while \output is active []

[409 <./Svetunkov--2023----Forecasting-and-Analytics-with-the-Augmented-Dynamic
-Adaptive-Model--ADAM-_files/Svetunkov--2023----Forecasting-and-Analytics-with-
the-Augmented-Dynamic-Adaptive-Model--ADAM-_files/figure-latex/adamScenarios-1.
pdf>]
<Svetunkov--2023----Forecasting-and-Analytics-with-the-Augmented-Dynamic-Adapti
ve-Model--ADAM-_files/Svetunkov--2023----Forecasting-and-Analytics-with-the-Aug
mented-Dynamic-Adaptive-Model--ADAM-_files/figure-latex/adamForecastSimulated-1
.pdf, id=6401, 436.63126pt x 248.93pt>
File: Svetunkov--2023----Forecasting-and-Analytics-with-the-Augmented-Dynamic-A
daptive-Model--ADAM-_files/Svetunkov--2023----Forecasting-and-Analytics-with-th
e-Augmented-Dynamic-Adaptive-Model--ADAM-_files/figure-latex/adamForecastSimula
ted-1.pdf Graphic file (type pdf)
<use Svetunkov--2023----Forecasting-and-Analytics-with-the-Augmented-Dynamic-Ad
aptive-Model--ADAM-_files/Svetunkov--2023----Forecasting-and-Analytics-with-the
-Augmented-Dynamic-Adaptive-Model--ADAM-_files/figure-latex/adamForecastSimulat
ed-1.pdf>
Package pdftex.def Info: Svetunkov--2023----Forecasting-and-Analytics-with-the-
Augmented-Dynamic-Adaptive-Model--ADAM-_files/Svetunkov--2023----Forecasting-an
d-Analytics-with-the-Augmented-Dynamic-Adaptive-Model--ADAM-_files/figure-latex
/adamForecastSimulated-1.pdf  used on input line 12540.
(pdftex.def)             Requested size: 436.63019pt x 248.92938pt.

Underfull \vbox (badness 10000) has occurred while \output is active []

[410 <./Svetunkov--2023----Forecasting-and-Analytics-with-the-Augmented-Dynamic
-Adaptive-Model--ADAM-_files/Svetunkov--2023----Forecasting-and-Analytics-with-
the-Augmented-Dynamic-Adaptive-Model--ADAM-_files/figure-latex/adamForecastSimu
lated-1.pdf>] [411] [412] [413] [414] [415] [416] [417]
<Svetunkov--2023----Forecasting-and-Analytics-with-the-Augmented-Dynamic-Adapti
ve-Model--ADAM-_files/Svetunkov--2023----Forecasting-and-Analytics-with-the-Aug
mented-Dynamic-Adaptive-Model--ADAM-_files/figure-latex/adamModelDiagnostics-1.
pdf, id=6530, 577.15625pt x 428.60126pt>
File: Svetunkov--2023----Forecasting-and-Analytics-with-the-Augmented-Dynamic-A
daptive-Model--ADAM-_files/Svetunkov--2023----Forecasting-and-Analytics-with-th
e-Augmented-Dynamic-Adaptive-Model--ADAM-_files/figure-latex/adamModelDiagnosti
cs-1.pdf Graphic file (type pdf)
<use Svetunkov--2023----Forecasting-and-Analytics-with-the-Augmented-Dynamic-Ad
aptive-Model--ADAM-_files/Svetunkov--2023----Forecasting-and-Analytics-with-the
-Augmented-Dynamic-Adaptive-Model--ADAM-_files/figure-latex/adamModelDiagnostic
s-1.pdf>
Package pdftex.def Info: Svetunkov--2023----Forecasting-and-Analytics-with-the-
Augmented-Dynamic-Adaptive-Model--ADAM-_files/Svetunkov--2023----Forecasting-an
d-Analytics-with-the-Augmented-Dynamic-Adaptive-Model--ADAM-_files/figure-latex
/adamModelDiagnostics-1.pdf  used on input line 12740.
(pdftex.def)             Requested size: 577.15483pt x 428.6002pt.
[418 <./Svetunkov--2023----Forecasting-and-Analytics-with-the-Augmented-Dynamic
-Adaptive-Model--ADAM-_files/Svetunkov--2023----Forecasting-and-Analytics-with-
the-Augmented-Dynamic-Adaptive-Model--ADAM-_files/figure-latex/adamModelDiagnos
tics-1.pdf>]
<Svetunkov--2023----Forecasting-and-Analytics-with-the-Augmented-Dynamic-Adapti
ve-Model--ADAM-_files/Svetunkov--2023----Forecasting-and-Analytics-with-the-Aug
mented-Dynamic-Adaptive-Model--ADAM-_files/figure-latex/adamModelPIComplete-1.p
df, id=6546, 534.99875pt x 278.03876pt>
File: Svetunkov--2023----Forecasting-and-Analytics-with-the-Augmented-Dynamic-A
daptive-Model--ADAM-_files/Svetunkov--2023----Forecasting-and-Analytics-with-th
e-Augmented-Dynamic-Adaptive-Model--ADAM-_files/figure-latex/adamModelPIComplet
e-1.pdf Graphic file (type pdf)
<use Svetunkov--2023----Forecasting-and-Analytics-with-the-Augmented-Dynamic-Ad
aptive-Model--ADAM-_files/Svetunkov--2023----Forecasting-and-Analytics-with-the
-Augmented-Dynamic-Adaptive-Model--ADAM-_files/figure-latex/adamModelPIComplete
-1.pdf>
Package pdftex.def Info: Svetunkov--2023----Forecasting-and-Analytics-with-the-
Augmented-Dynamic-Adaptive-Model--ADAM-_files/Svetunkov--2023----Forecasting-an
d-Analytics-with-the-Augmented-Dynamic-Adaptive-Model--ADAM-_files/figure-latex
/adamModelPIComplete-1.pdf  used on input line 12760.
(pdftex.def)             Requested size: 534.99744pt x 278.03807pt.
[419 <./Svetunkov--2023----Forecasting-and-Analytics-with-the-Augmented-Dynamic
-Adaptive-Model--ADAM-_files/Svetunkov--2023----Forecasting-and-Analytics-with-
the-Augmented-Dynamic-Adaptive-Model--ADAM-_files/figure-latex/adamModelPICompl
ete-1.pdf>]
<Svetunkov--2023----Forecasting-and-Analytics-with-the-Augmented-Dynamic-Adapti
ve-Model--ADAM-_files/Svetunkov--2023----Forecasting-and-Analytics-with-the-Aug
mented-Dynamic-Adaptive-Model--ADAM-_files/figure-latex/adamModelPIRefitted-1.p
df, id=6561, 407.5225pt x 283.0575pt>
File: Svetunkov--2023----Forecasting-and-Analytics-with-the-Augmented-Dynamic-A
daptive-Model--ADAM-_files/Svetunkov--2023----Forecasting-and-Analytics-with-th
e-Augmented-Dynamic-Adaptive-Model--ADAM-_files/figure-latex/adamModelPIRefitte
d-1.pdf Graphic file (type pdf)
<use Svetunkov--2023----Forecasting-and-Analytics-with-the-Augmented-Dynamic-Ad
aptive-Model--ADAM-_files/Svetunkov--2023----Forecasting-and-Analytics-with-the
-Augmented-Dynamic-Adaptive-Model--ADAM-_files/figure-latex/adamModelPIRefitted
-1.pdf>
Package pdftex.def Info: Svetunkov--2023----Forecasting-and-Analytics-with-the-
Augmented-Dynamic-Adaptive-Model--ADAM-_files/Svetunkov--2023----Forecasting-an
d-Analytics-with-the-Augmented-Dynamic-Adaptive-Model--ADAM-_files/figure-latex
/adamModelPIRefitted-1.pdf  used on input line 12806.
(pdftex.def)             Requested size: 407.5215pt x 283.0568pt.
[420 <./Svetunkov--2023----Forecasting-and-Analytics-with-the-Augmented-Dynamic
-Adaptive-Model--ADAM-_files/Svetunkov--2023----Forecasting-and-Analytics-with-
the-Augmented-Dynamic-Adaptive-Model--ADAM-_files/figure-latex/adamModelPIRefit
ted-1.pdf>]
<Svetunkov--2023----Forecasting-and-Analytics-with-the-Augmented-Dynamic-Adapti
ve-Model--ADAM-_files/Svetunkov--2023----Forecasting-and-Analytics-with-the-Aug
mented-Dynamic-Adaptive-Model--ADAM-_files/figure-latex/adamModelXPI6Plots-1.pd
f, id=6579, 459.7175pt x 319.1925pt>
File: Svetunkov--2023----Forecasting-and-Analytics-with-the-Augmented-Dynamic-A
daptive-Model--ADAM-_files/Svetunkov--2023----Forecasting-and-Analytics-with-th
e-Augmented-Dynamic-Adaptive-Model--ADAM-_files/figure-latex/adamModelXPI6Plots
-1.pdf Graphic file (type pdf)
<use Svetunkov--2023----Forecasting-and-Analytics-with-the-Augmented-Dynamic-Ad
aptive-Model--ADAM-_files/Svetunkov--2023----Forecasting-and-Analytics-with-the
-Augmented-Dynamic-Adaptive-Model--ADAM-_files/figure-latex/adamModelXPI6Plots-
1.pdf>
Package pdftex.def Info: Svetunkov--2023----Forecasting-and-Analytics-with-the-
Augmented-Dynamic-Adaptive-Model--ADAM-_files/Svetunkov--2023----Forecasting-an
d-Analytics-with-the-Augmented-Dynamic-Adaptive-Model--ADAM-_files/figure-latex
/adamModelXPI6Plots-1.pdf  used on input line 12859.
(pdftex.def)             Requested size: 459.71637pt x 319.19171pt.
<Svetunkov--2023----Forecasting-and-Analytics-with-the-Augmented-Dynamic-Adapti
ve-Model--ADAM-_files/Svetunkov--2023----Forecasting-and-Analytics-with-the-Aug
mented-Dynamic-Adaptive-Model--ADAM-_files/figure-latex/adamModelXForecastError
s-1.pdf, id=6581, 407.5225pt x 219.82124pt>
File: Svetunkov--2023----Forecasting-and-Analytics-with-the-Augmented-Dynamic-A
daptive-Model--ADAM-_files/Svetunkov--2023----Forecasting-and-Analytics-with-th
e-Augmented-Dynamic-Adaptive-Model--ADAM-_files/figure-latex/adamModelXForecast
Errors-1.pdf Graphic file (type pdf)
<use Svetunkov--2023----Forecasting-and-Analytics-with-the-Augmented-Dynamic-Ad
aptive-Model--ADAM-_files/Svetunkov--2023----Forecasting-and-Analytics-with-the
-Augmented-Dynamic-Adaptive-Model--ADAM-_files/figure-latex/adamModelXForecastE
rrors-1.pdf>
Package pdftex.def Info: Svetunkov--2023----Forecasting-and-Analytics-with-the-
Augmented-Dynamic-Adaptive-Model--ADAM-_files/Svetunkov--2023----Forecasting-an
d-Analytics-with-the-Augmented-Dynamic-Adaptive-Model--ADAM-_files/figure-latex
/adamModelXForecastErrors-1.pdf  used on input line 12877.
(pdftex.def)             Requested size: 407.5215pt x 219.8207pt.
[421] [422 <./Svetunkov--2023----Forecasting-and-Analytics-with-the-Augmented-D
ynamic-Adaptive-Model--ADAM-_files/Svetunkov--2023----Forecasting-and-Analytics
-with-the-Augmented-Dynamic-Adaptive-Model--ADAM-_files/figure-latex/adamModelX
PI6Plots-1.pdf> <./Svetunkov--2023----Forecasting-and-Analytics-with-the-Augmen
ted-Dynamic-Adaptive-Model--ADAM-_files/Svetunkov--2023----Forecasting-and-Anal
ytics-with-the-Augmented-Dynamic-Adaptive-Model--ADAM-_files/figure-latex/adamM
odelXForecastErrors-1.pdf>] [423] [424] [425]
<Svetunkov--2023----Forecasting-and-Analytics-with-the-Augmented-Dynamic-Adapti
ve-Model--ADAM-_files/Svetunkov--2023----Forecasting-and-Analytics-with-the-Aug
mented-Dynamic-Adaptive-Model--ADAM-_files/figure-latex/unnamed-chunk-184-1.pdf
, id=6646, 436.63126pt x 283.0575pt>
File: Svetunkov--2023----Forecasting-and-Analytics-with-the-Augmented-Dynamic-A
daptive-Model--ADAM-_files/Svetunkov--2023----Forecasting-and-Analytics-with-th
e-Augmented-Dynamic-Adaptive-Model--ADAM-_files/figure-latex/unnamed-chunk-184-
1.pdf Graphic file (type pdf)
<use Svetunkov--2023----Forecasting-and-Analytics-with-the-Augmented-Dynamic-Ad
aptive-Model--ADAM-_files/Svetunkov--2023----Forecasting-and-Analytics-with-the
-Augmented-Dynamic-Adaptive-Model--ADAM-_files/figure-latex/unnamed-chunk-184-1
.pdf>
Package pdftex.def Info: Svetunkov--2023----Forecasting-and-Analytics-with-the-
Augmented-Dynamic-Adaptive-Model--ADAM-_files/Svetunkov--2023----Forecasting-an
d-Analytics-with-the-Augmented-Dynamic-Adaptive-Model--ADAM-_files/figure-latex
/unnamed-chunk-184-1.pdf  used on input line 12990.
(pdftex.def)             Requested size: 436.63019pt x 283.0568pt.
[426 <./Svetunkov--2023----Forecasting-and-Analytics-with-the-Augmented-Dynamic
-Adaptive-Model--ADAM-_files/Svetunkov--2023----Forecasting-and-Analytics-with-
the-Augmented-Dynamic-Adaptive-Model--ADAM-_files/figure-latex/unnamed-chunk-18
4-1.pdf>]
<Svetunkov--2023----Forecasting-and-Analytics-with-the-Augmented-Dynamic-Adapti
ve-Model--ADAM-_files/Svetunkov--2023----Forecasting-and-Analytics-with-the-Aug
mented-Dynamic-Adaptive-Model--ADAM-_files/figure-latex/adamModeliETSCumulative
-1.pdf, id=6660, 444.66125pt x 253.94875pt>
File: Svetunkov--2023----Forecasting-and-Analytics-with-the-Augmented-Dynamic-A
daptive-Model--ADAM-_files/Svetunkov--2023----Forecasting-and-Analytics-with-th
e-Augmented-Dynamic-Adaptive-Model--ADAM-_files/figure-latex/adamModeliETSCumul
ative-1.pdf Graphic file (type pdf)
<use Svetunkov--2023----Forecasting-and-Analytics-with-the-Augmented-Dynamic-Ad
aptive-Model--ADAM-_files/Svetunkov--2023----Forecasting-and-Analytics-with-the
-Augmented-Dynamic-Adaptive-Model--ADAM-_files/figure-latex/adamModeliETSCumula
tive-1.pdf>
Package pdftex.def Info: Svetunkov--2023----Forecasting-and-Analytics-with-the-
Augmented-Dynamic-Adaptive-Model--ADAM-_files/Svetunkov--2023----Forecasting-an
d-Analytics-with-the-Augmented-Dynamic-Adaptive-Model--ADAM-_files/figure-latex
/adamModeliETSCumulative-1.pdf  used on input line 13013.
(pdftex.def)             Requested size: 444.66016pt x 253.94812pt.

Underfull \vbox (badness 10000) has occurred while \output is active []

[427 <./Svetunkov--2023----Forecasting-and-Analytics-with-the-Augmented-Dynamic
-Adaptive-Model--ADAM-_files/Svetunkov--2023----Forecasting-and-Analytics-with-
the-Augmented-Dynamic-Adaptive-Model--ADAM-_files/figure-latex/adamModeliETSCum
ulative-1.pdf>]
<Svetunkov--2023----Forecasting-and-Analytics-with-the-Augmented-Dynamic-Adapti
ve-Model--ADAM-_files/Svetunkov--2023----Forecasting-and-Analytics-with-the-Aug
mented-Dynamic-Adaptive-Model--ADAM-_files/figure-latex/adamModelConfidence-1.p
df, id=6682, 407.5225pt x 253.94875pt>
File: Svetunkov--2023----Forecasting-and-Analytics-with-the-Augmented-Dynamic-A
daptive-Model--ADAM-_files/Svetunkov--2023----Forecasting-and-Analytics-with-th
e-Augmented-Dynamic-Adaptive-Model--ADAM-_files/figure-latex/adamModelConfidenc
e-1.pdf Graphic file (type pdf)
<use Svetunkov--2023----Forecasting-and-Analytics-with-the-Augmented-Dynamic-Ad
aptive-Model--ADAM-_files/Svetunkov--2023----Forecasting-and-Analytics-with-the
-Augmented-Dynamic-Adaptive-Model--ADAM-_files/figure-latex/adamModelConfidence
-1.pdf>
Package pdftex.def Info: Svetunkov--2023----Forecasting-and-Analytics-with-the-
Augmented-Dynamic-Adaptive-Model--ADAM-_files/Svetunkov--2023----Forecasting-an
d-Analytics-with-the-Augmented-Dynamic-Adaptive-Model--ADAM-_files/figure-latex
/adamModelConfidence-1.pdf  used on input line 13052.
(pdftex.def)             Requested size: 407.5215pt x 253.94812pt.
[428] [429 <./Svetunkov--2023----Forecasting-and-Analytics-with-the-Augmented-D
ynamic-Adaptive-Model--ADAM-_files/Svetunkov--2023----Forecasting-and-Analytics
-with-the-Augmented-Dynamic-Adaptive-Model--ADAM-_files/figure-latex/adamModelC
onfidence-1.pdf>] [430

]
Chapter 19.
[431]
Overfull \hbox (18.78943pt too wide) has occurred while \output is active
\T1/lmr/m/n/10 432 \T1/lmr/m/sl/10 CHAPTER 19.  FORECASTING FUNCTIONS OF THE SM
OOTH PACKAGE
 []

[432]
Underfull \vbox (badness 8132) has occurred while \output is active []

[433]
Overfull \hbox (18.78943pt too wide) has occurred while \output is active
\T1/lmr/m/n/10 434 \T1/lmr/m/sl/10 CHAPTER 19.  FORECASTING FUNCTIONS OF THE SM
OOTH PACKAGE
 []

[434] [435]
Overfull \hbox (18.78943pt too wide) has occurred while \output is active
\T1/lmr/m/n/10 436 \T1/lmr/m/sl/10 CHAPTER 19.  FORECASTING FUNCTIONS OF THE SM
OOTH PACKAGE
 []

[436] [437]
Overfull \hbox (18.78943pt too wide) has occurred while \output is active
\T1/lmr/m/n/10 438 \T1/lmr/m/sl/10 CHAPTER 19.  FORECASTING FUNCTIONS OF THE SM
OOTH PACKAGE
 []

[438] [439]
Overfull \hbox (18.78943pt too wide) has occurred while \output is active
\T1/lmr/m/n/10 440 \T1/lmr/m/sl/10 CHAPTER 19.  FORECASTING FUNCTIONS OF THE SM
OOTH PACKAGE
 []

[440

]
Chapter 20.
[441] [442] [443

] [444] [445] [446] [447] [448]
<images/IvanSvetunkov-web.jpg, id=7012, 803.0pt x 983.675pt>
File: images/IvanSvetunkov-web.jpg Graphic file (type jpg)
<use images/IvanSvetunkov-web.jpg>
Package pdftex.def Info: images/IvanSvetunkov-web.jpg  used on input line 13781
.
(pdftex.def)             Requested size: 207.0021pt x 253.57307pt.

(./Svetunkov--2023----Forecasting-and-Analytics-with-the-Augmented-Dynamic-Adap
tive-Model--ADAM-.bbl [449

 <./images/IvanSvetunkov-web.jpg>] [450

] [451] [452] [453] [454] [455] [456] [457] [458] [459]) [460]
(./Svetunkov--2023----Forecasting-and-Analytics-with-the-Augmented-Dynamic-Adap
tive-Model--ADAM-.aux)
 ***********
LaTeX2e <2025-11-01>
L3 programming layer <2026-01-19>
 ***********

LaTeX Warning: There were multiply-defined labels.

 ) 
Here is how much of TeX's memory you used:
 21011 strings out of 468915
 596979 string characters out of 5460036
 802771 words of memory out of 5000000
 46998 multiletter control sequences out of 15000+600000
 753787 words of font info for 336 fonts, out of 8000000 for 9000
 475 hyphenation exceptions out of 8191
 83i,21n,93p,1998b,822s stack positions out of 10000i,1000n,20000p,200000b,200000s
 </home/config/.texlive2025/texmf-var/fonts/pk/ljfour/public/bbm/bbm10.600pk>
</usr/share/texmf/fonts/type1/public/lm/lmbx10.pfb></usr/share/texmf/fonts/type
1/public/lm/lmbx12.pfb></usr/share/texmf/fonts/type1/public/lm/lmbx7.pfb></usr/
share/texmf/fonts/type1/public/lm/lmex10.pfb></usr/share/texmf/fonts/type1/publ
ic/lm/lmmi10.pfb></usr/share/texmf/fonts/type1/public/lm/lmmi12.pfb></usr/share
/texmf/fonts/type1/public/lm/lmmi5.pfb></usr/share/texmf/fonts/type1/public/lm/
lmmi6.pfb></usr/share/texmf/fonts/type1/public/lm/lmmi7.pfb></usr/share/texmf/f
onts/type1/public/lm/lmmi8.pfb></usr/share/texmf/fonts/type1/public/lm/lmmib10.
pfb></usr/share/texmf/fonts/type1/public/lm/lmmib7.pfb></usr/share/texmf/fonts/
type1/public/lm/lmr10.pfb></usr/share/texmf/fonts/type1/public/lm/lmr12.pfb></u
sr/share/texmf/fonts/type1/public/lm/lmr17.pfb></usr/share/texmf/fonts/type1/pu
blic/lm/lmr5.pfb></usr/share/texmf/fonts/type1/public/lm/lmr6.pfb></usr/share/t
exmf/fonts/type1/public/lm/lmr7.pfb></usr/share/texmf/fonts/type1/public/lm/lmr
8.pfb></usr/share/texmf/fonts/type1/public/lm/lmri10.pfb></usr/share/texmf/font
s/type1/public/lm/lmro10.pfb></usr/share/texmf/fonts/type1/public/lm/lmsy10.pfb
></usr/share/texmf/fonts/type1/public/lm/lmsy5.pfb></usr/share/texmf/fonts/type
1/public/lm/lmsy6.pfb></usr/share/texmf/fonts/type1/public/lm/lmsy7.pfb></usr/s
hare/texmf/fonts/type1/public/lm/lmsy8.pfb></usr/share/texmf/fonts/type1/public
/lm/lmtk10.pfb></usr/share/texmf/fonts/type1/public/lm/lmtt10.pfb></usr/share/t
exmf/fonts/type1/public/lm/lmtti10.pfb>
Output written on Svetunkov--2023----Forecasting-and-Analytics-with-the-Augment
ed-Dynamic-Adaptive-Model--ADAM-.pdf (460 pages, 6882558 bytes).
PDF statistics:
 8018 PDF objects out of 8907 (max. 8388607)
 6918 compressed objects within 70 object streams
 1905 named destinations out of 2073 (max. 500000)
 67349 words of extra memory for PDF output out of 74296 (max. 10000000)

